,,,tot_carbon_footprint_actual,tot_carbon_footprint_actual,migration_carbon_footprint_actual,migration_carbon_footprint_actual,tot_water_footprint_actual,tot_water_footprint_actual,migration_water_footprint_actual,migration_water_footprint_actual,tot_land_use_footprint_actual,tot_land_use_footprint_actual,migration_land_use_footprint_actual,migration_land_use_footprint_actual,tot_carbon_footprint_forecast,tot_carbon_footprint_forecast,migration_carbon_footprint_forecast,migration_carbon_footprint_forecast,tot_water_footprint_forecast,tot_water_footprint_forecast,migration_water_footprint_forecast,migration_water_footprint_forecast,tot_land_use_footprint_forecast,tot_land_use_footprint_forecast,migration_land_use_footprint_forecast,migration_land_use_footprint_forecast,centralus,centralus,eastus2,eastus2,southcentralus,southcentralus,swedencentral,swedencentral,migration,migration,tot_carbon_footprint_forecast_improvement,tot_carbon_footprint_forecast_improvement,tot_carbon_footprint_actual_improvement,tot_carbon_footprint_actual_improvement,tot_water_footprint_forecast_improvement,tot_water_footprint_forecast_improvement,tot_water_footprint_actual_improvement,tot_water_footprint_actual_improvement,tot_land_use_footprint_forecast_improvement,tot_land_use_footprint_forecast_improvement,tot_land_use_footprint_actual_improvement,tot_land_use_footprint_actual_improvement,centralus_perc,centralus_perc,eastus2_perc,eastus2_perc,southcentralus_perc,southcentralus_perc,swedencentral_perc,swedencentral_perc
,,,mean,std,mean,std,mean,std,mean,std,mean,std,mean,std,mean,std,mean,std,mean,std,mean,std,mean,std,mean,std,mean,std,mean,std,mean,std,mean,std,mean,std,mean,std,mean,std,mean,std,mean,std,mean,std,mean,std,mean,std,mean,std,mean,std,mean,std
algorithm,mae,period,,,,,,,,,,,,,,,,,,,,,,,,,,,,,,,,,,,,,,,,,,,,,,,,,,,,,,
L,0.05,autumn,412420.01755751885,2298.9036327999124,0.0,0.0,5412.566286986721,60.67899948613917,0.0,0.0,37.83739248560588,0.32816161989573867,0.0,0.0,422650.6474932443,2364.374072538294,0.0,0.0,5533.104211354833,61.44545746261646,0.0,0.0,39.028792650229114,0.3368928102479432,0.0,0.0,232230.66666666666,827.2445023490112,231082.66666666666,1473.6054650640667,232000.33333333334,645.33980713006,232093.16666666666,1208.0649678997681,,,0.0,0.0,0.0,0.0,0.0,0.0,0.0,0.0,0.0,0.0,0.0,0.0,25.040924372058072,0.09680062582874008,24.917055820632143,0.14744094900456695,25.016081891916187,0.07663615216753518,25.025937915393598,0.09343932221887319
L,0.05,spring,445416.56449209753,2605.888241995329,0.0,0.0,6579.942722434374,76.9391158119333,0.0,0.0,33.402832010227726,0.24247502047211594,0.0,0.0,455463.48027966585,2681.9196437421792,0.0,0.0,6697.14458328325,77.88660155183385,0.0,0.0,34.63348509316868,0.2520503747600577,0.0,0.0,232230.66666666666,827.2445023490112,231082.66666666666,1473.6054650640667,232000.33333333334,645.33980713006,232093.16666666666,1208.0649678997681,,,0.0,0.0,0.0,0.0,0.0,0.0,0.0,0.0,0.0,0.0,0.0,0.0,25.040924372058072,0.09680062582874008,24.917055820632143,0.14744094900456695,25.016081891916187,0.07663615216753518,25.025937915393598,0.09343932221887319
L,0.05,summer,550419.4997379805,3405.451873177583,0.0,0.0,6344.748001019897,68.84418199153887,0.0,0.0,25.003112426012027,0.18613050302872922,0.0,0.0,558921.3134326668,3455.5852140375796,0.0,0.0,6448.609060637966,69.70787702455301,0.0,0.0,26.10544595902664,0.1956202513609185,0.0,0.0,232230.66666666666,827.2445023490112,231082.66666666666,1473.6054650640667,232000.33333333334,645.33980713006,232093.16666666666,1208.0649678997681,,,0.0,0.0,0.0,0.0,0.0,0.0,0.0,0.0,0.0,0.0,0.0,0.0,25.040924372058072,0.09680062582874008,24.917055820632143,0.14744094900456695,25.016081891916187,0.07663615216753518,25.025937915393598,0.09343932221887319
L,0.05,winter,560991.0114866956,3158.9612915944913,0.0,0.0,6339.8899911537665,71.91487861636347,0.0,0.0,31.32782975540654,0.2682479334015451,0.0,0.0,573528.028092851,3236.695628687948,0.0,0.0,6454.165772038902,72.71941576110197,0.0,0.0,32.308099273696456,0.27656176403985633,0.0,0.0,232230.66666666666,827.2445023490112,231082.66666666666,1473.6054650640667,232000.33333333334,645.33980713006,232093.16666666666,1208.0649678997681,,,0.0,0.0,0.0,0.0,0.0,0.0,0.0,0.0,0.0,0.0,0.0,0.0,25.040924372058072,0.09680062582874008,24.917055820632143,0.14744094900456695,25.016081891916187,0.07663615216753518,25.025937915393598,0.09343932221887319
L,0.1,autumn,412420.01755751885,2298.9036327999124,0.0,0.0,5412.566286986721,60.67899948613917,0.0,0.0,37.83739248560588,0.32816161989573867,0.0,0.0,431911.4809201152,2442.5716702367713,0.0,0.0,5670.092951393169,62.35693627058013,0.0,0.0,40.339186873363296,0.34357590483021355,0.0,0.0,232230.66666666666,827.2445023490112,231082.66666666666,1473.6054650640667,232000.33333333334,645.33980713006,232093.16666666666,1208.0649678997681,,,0.0,0.0,0.0,0.0,0.0,0.0,0.0,0.0,0.0,0.0,0.0,0.0,25.040924372058072,0.09680062582874008,24.917055820632143,0.14744094900456695,25.016081891916187,0.07663615216753518,25.025937915393598,0.09343932221887319
L,0.1,spring,445416.56449209753,2605.888241995329,0.0,0.0,6579.942722434374,76.9391158119333,0.0,0.0,33.402832010227726,0.24247502047211594,0.0,0.0,465311.4546479154,2652.6676561917125,0.0,0.0,6826.560327839624,78.548529969472,0.0,0.0,35.964700617956254,0.26329017040139496,0.0,0.0,232230.66666666666,827.2445023490112,231082.66666666666,1473.6054650640667,232000.33333333334,645.33980713006,232093.16666666666,1208.0649678997681,,,0.0,0.0,0.0,0.0,0.0,0.0,0.0,0.0,0.0,0.0,0.0,0.0,25.040924372058072,0.09680062582874008,24.917055820632143,0.14744094900456695,25.016081891916187,0.07663615216753518,25.025937915393598,0.09343932221887319
L,0.1,summer,550419.4997379805,3405.451873177583,0.0,0.0,6344.748001019897,68.84418199153887,0.0,0.0,25.003112426012027,0.18613050302872922,0.0,0.0,565460.7301620794,3498.5547038663854,0.0,0.0,6563.965912152015,70.18626423670185,0.0,0.0,27.584384353407472,0.20338496827667918,0.0,0.0,232230.66666666666,827.2445023490112,231082.66666666666,1473.6054650640667,232000.33333333334,645.33980713006,232093.16666666666,1208.0649678997681,,,0.0,0.0,0.0,0.0,0.0,0.0,0.0,0.0,0.0,0.0,0.0,0.0,25.040924372058072,0.09680062582874008,24.917055820632143,0.14744094900456695,25.016081891916187,0.07663615216753518,25.025937915393598,0.09343932221887319
L,0.1,winter,560991.0114866956,3158.9612915944913,0.0,0.0,6339.8899911537665,71.91487861636347,0.0,0.0,31.32782975540654,0.2682479334015451,0.0,0.0,571508.6616562927,3317.938680506442,0.0,0.0,6581.944748021509,73.41862164429017,0.0,0.0,34.19666989085824,0.2835682318814298,0.0,0.0,232230.66666666666,827.2445023490112,231082.66666666666,1473.6054650640667,232000.33333333334,645.33980713006,232093.16666666666,1208.0649678997681,,,0.0,0.0,0.0,0.0,0.0,0.0,0.0,0.0,0.0,0.0,0.0,0.0,25.040924372058072,0.09680062582874008,24.917055820632143,0.14744094900456695,25.016081891916187,0.07663615216753518,25.025937915393598,0.09343932221887319
L,0.15,autumn,412420.01755751885,2298.9036327999124,0.0,0.0,5412.566286986721,60.67899948613917,0.0,0.0,37.83739248560588,0.32816161989573867,0.0,0.0,440626.79888080567,2477.352371422588,0.0,0.0,5811.719775262157,63.35224704844002,0.0,0.0,41.610552418648076,0.35974354603669295,0.0,0.0,232230.66666666666,827.2445023490112,231082.66666666666,1473.6054650640667,232000.33333333334,645.33980713006,232093.16666666666,1208.0649678997681,,,0.0,0.0,0.0,0.0,0.0,0.0,0.0,0.0,0.0,0.0,0.0,0.0,25.040924372058072,0.09680062582874008,24.917055820632143,0.14744094900456695,25.016081891916187,0.07663615216753518,25.025937915393598,0.09343932221887319
L,0.15,spring,445416.56449209753,2605.888241995329,0.0,0.0,6579.942722434374,76.9391158119333,0.0,0.0,33.402832010227726,0.24247502047211594,0.0,0.0,484418.10089950595,2980.792174405183,0.0,0.0,6930.2990684808,79.33998969174534,0.0,0.0,36.54537251092503,0.26309283861985666,0.0,0.0,232230.66666666666,827.2445023490112,231082.66666666666,1473.6054650640667,232000.33333333334,645.33980713006,232093.16666666666,1208.0649678997681,,,0.0,0.0,0.0,0.0,0.0,0.0,0.0,0.0,0.0,0.0,0.0,0.0,25.040924372058072,0.09680062582874008,24.917055820632143,0.14744094900456695,25.016081891916187,0.07663615216753518,25.025937915393598,0.09343932221887319
L,0.15,summer,550419.4997379805,3405.451873177583,0.0,0.0,6344.748001019897,68.84418199153887,0.0,0.0,25.003112426012027,0.18613050302872922,0.0,0.0,562594.4293489327,3433.561098164075,0.0,0.0,6697.401562548338,71.17781160367312,0.0,0.0,29.52893339206125,0.22065871279049165,0.0,0.0,232230.66666666666,827.2445023490112,231082.66666666666,1473.6054650640667,232000.33333333334,645.33980713006,232093.16666666666,1208.0649678997681,,,0.0,0.0,0.0,0.0,0.0,0.0,0.0,0.0,0.0,0.0,0.0,0.0,25.040924372058072,0.09680062582874008,24.917055820632143,0.14744094900456695,25.016081891916187,0.07663615216753518,25.025937915393598,0.09343932221887319
L,0.15,winter,560991.0114866956,3158.9612915944913,0.0,0.0,6339.8899911537665,71.91487861636347,0.0,0.0,31.32782975540654,0.2682479334015451,0.0,0.0,582441.7212818363,3450.933558285421,0.0,0.0,6673.986537436619,74.03083361016053,0.0,0.0,34.95000941293874,0.2858407815634195,0.0,0.0,232230.66666666666,827.2445023490112,231082.66666666666,1473.6054650640667,232000.33333333334,645.33980713006,232093.16666666666,1208.0649678997681,,,0.0,0.0,0.0,0.0,0.0,0.0,0.0,0.0,0.0,0.0,0.0,0.0,25.040924372058072,0.09680062582874008,24.917055820632143,0.14744094900456695,25.016081891916187,0.07663615216753518,25.025937915393598,0.09343932221887319
L,0.2,autumn,412420.01755751885,2298.9036327999124,0.0,0.0,5412.566286986721,60.67899948613917,0.0,0.0,37.83739248560588,0.32816161989573867,0.0,0.0,438044.9495217952,2502.889226332289,0.0,0.0,5932.0510021470445,63.71724957874051,0.0,0.0,43.318030877044464,0.36167217072011393,0.0,0.0,232230.66666666666,827.2445023490112,231082.66666666666,1473.6054650640667,232000.33333333334,645.33980713006,232093.16666666666,1208.0649678997681,,,0.0,0.0,0.0,0.0,0.0,0.0,0.0,0.0,0.0,0.0,0.0,0.0,25.040924372058072,0.09680062582874008,24.917055820632143,0.14744094900456695,25.016081891916187,0.07663615216753518,25.025937915393598,0.09343932221887319
L,0.2,spring,445416.56449209753,2605.888241995329,0.0,0.0,6579.942722434374,76.9391158119333,0.0,0.0,33.402832010227726,0.24247502047211594,0.0,0.0,484341.411686985,3007.549839013173,0.0,0.0,7049.852504663431,80.19774029161317,0.0,0.0,38.268052205097895,0.2783469479168207,0.0,0.0,232230.66666666666,827.2445023490112,231082.66666666666,1473.6054650640667,232000.33333333334,645.33980713006,232093.16666666666,1208.0649678997681,,,0.0,0.0,0.0,0.0,0.0,0.0,0.0,0.0,0.0,0.0,0.0,0.0,25.040924372058072,0.09680062582874008,24.917055820632143,0.14744094900456695,25.016081891916187,0.07663615216753518,25.025937915393598,0.09343932221887319
L,0.2,summer,550419.4997379805,3405.451873177583,0.0,0.0,6344.748001019897,68.84418199153887,0.0,0.0,25.003112426012027,0.18613050302872922,0.0,0.0,569222.3312831195,3459.344968166081,0.0,0.0,6803.926381298199,72.00613025505179,0.0,0.0,30.793091202482213,0.23286073347310704,0.0,0.0,232230.66666666666,827.2445023490112,231082.66666666666,1473.6054650640667,232000.33333333334,645.33980713006,232093.16666666666,1208.0649678997681,,,0.0,0.0,0.0,0.0,0.0,0.0,0.0,0.0,0.0,0.0,0.0,0.0,25.040924372058072,0.09680062582874008,24.917055820632143,0.14744094900456695,25.016081891916187,0.07663615216753518,25.025937915393598,0.09343932221887319
L,0.2,winter,560991.0114866956,3158.9612915944913,0.0,0.0,6339.8899911537665,71.91487861636347,0.0,0.0,31.32782975540654,0.2682479334015451,0.0,0.0,576379.4644562806,3336.2943981024555,0.0,0.0,6840.1377044776455,75.18822809026537,0.0,0.0,37.43842035659041,0.31147384171680903,0.0,0.0,232230.66666666666,827.2445023490112,231082.66666666666,1473.6054650640667,232000.33333333334,645.33980713006,232093.16666666666,1208.0649678997681,,,0.0,0.0,0.0,0.0,0.0,0.0,0.0,0.0,0.0,0.0,0.0,0.0,25.040924372058072,0.09680062582874008,24.917055820632143,0.14744094900456695,25.016081891916187,0.07663615216753518,25.025937915393598,0.09343932221887319
"R_[0.0, 0.0, 1.0]",0.05,autumn,517119.51947919076,4004.504883017724,0.0,0.0,3176.6658522611856,22.349067860882478,0.0,0.0,16.219875228334736,0.12219011708135603,0.0,0.0,518210.00723509793,4005.7049846299315,0.0,0.0,3230.5365197283195,22.75326769195584,0.0,0.0,17.077353456189233,0.12847793231140817,0.0,0.0,,,918235.1666666666,1856.7089612178593,,,9171.666666666666,105.18491653591148,517254.3333333333,549.1421188241309,-22.60884274351456,0.46985021247142317,-25.385951261609737,0.5007369615351883,41.61202456347154,0.28416142463693633,41.306965122969125,0.2923251660409385,56.24361485776611,0.1686871969900283,57.132071490605135,0.1682282931616018,,,99.01102740413133,0.012622181337067901,,,0.988972595868673,0.012622181337065387
"R_[0.0, 0.0, 1.0]",0.05,spring,529254.0792961417,4053.46626603118,0.0,0.0,3922.8695974911534,31.958428355744854,0.0,0.0,19.171564507530192,0.14319854337730162,0.0,0.0,529948.6356341679,4016.954764871187,0.0,0.0,3986.7800641726135,32.57586053886695,0.0,0.0,20.2142693168785,0.15449865256539805,0.0,0.0,,,854126.0,1592.4205474685377,,,73280.83333333333,357.0296439606476,517247.6666666667,388.1193974367427,-16.35298233427387,0.32348812478668315,-18.821519154457448,0.35825033746924406,40.46803850849864,0.3206636672160172,40.37891526886715,0.32687571414936084,41.633556074604506,0.20903831438430417,42.60470546219646,0.214777375957426,,,92.09832188070845,0.031388168792217584,,,7.901678119291553,0.03138816879221712
"R_[0.0, 0.0, 1.0]",0.05,summer,621596.3179094658,4997.597404841895,0.0,0.0,3859.368361217205,23.73810654576496,0.0,0.0,15.442470000637487,0.1128755565435214,0.0,0.0,620019.2724651814,4958.69644707264,0.0,0.0,3906.616400523138,24.12696887314278,0.0,0.0,16.428392114002246,0.12183079787580887,0.0,0.0,40530.333333333336,205.27217703981822,817097.1666666666,2121.392695063009,,,69779.33333333333,321.3979879630048,517275.6666666667,501.31214494232455,-10.930847984182506,0.4077083917193144,-12.930855373449978,0.43925781886586207,39.415937691245524,0.4379919894907408,39.16887037318798,0.4430485654944838,37.0689665779851,0.1227556750438956,38.237655171920544,0.12161073161616609,4.370323247144213,0.02842201604392853,88.10548835489853,0.06384363968521346,,,7.5241883979572535,0.04438575645265285
"R_[0.0, 0.0, 1.0]",0.05,winter,692275.84280072,5291.342054556316,0.0,0.0,3352.2235194733826,25.40005020144181,0.0,0.0,17.007994900025512,0.12527640145760172,0.0,0.0,697828.2310532476,5323.670014409249,0.0,0.0,3413.4554613072974,25.910175998555715,0.0,0.0,17.831771809325975,0.1325386017413659,0.0,0.0,4149.666666666667,85.64733893511615,923257.1666666666,1770.6278453324564,,,,,517192.3333333333,495.1459044227984,-21.67215058737007,0.40842237139336157,-23.401556199180302,0.4273608222573409,47.1102655344641,0.27052591867351705,47.12272749709666,0.2758371632487809,44.80646856462058,0.17388607072971674,45.708938436206324,0.18239768966157266,0.44744605564651146,0.009058798669250816,99.55255394435348,0.009058798669253717,,,,
"R_[0.0, 0.0, 1.0]",0.1,autumn,516245.54424009664,3959.7761601283673,0.0,0.0,3198.774083076412,23.546842665465913,0.0,0.0,16.26858224250243,0.12294353787325171,0.0,0.0,514763.3147469054,3915.754897234832,0.0,0.0,3339.388802063584,24.67326061896373,0.0,0.0,18.391250292362255,0.1410079501291113,0.0,0.0,,,910760.8333333334,1732.969407308343,,,16646.0,132.42205254412843,517201.1666666667,501.04906612692105,-19.181899167048282,0.40811465574368605,-25.174090469318894,0.4977955812035244,41.103029130640415,0.28212383094026755,40.89859157062699,0.2968057014580172,54.40798210805146,0.15726120254150638,57.003350983346174,0.16807361263973283,,,98.20510771806983,0.013040518594622059,,,1.7948922819301625,0.013040518594614215
"R_[0.0, 0.0, 1.0]",0.1,spring,515034.7021336859,4073.4661224741803,0.0,0.0,4321.810321529131,32.24817104168836,0.0,0.0,19.294450515818365,0.14417034513235585,0.0,0.0,521148.8695336079,4031.8037333378074,0.0,0.0,4456.8327614841755,33.38955824642135,0.0,0.0,21.263510099446833,0.16491868639376767,0.0,0.0,,,802430.8333333334,1631.6496458084048,,,124976.0,370.960914383173,517277.8333333333,367.568995790816,-11.999085740534705,0.3056521865674271,-15.628975106952453,0.34920855828245295,34.710490181872984,0.35124203870717785,34.31533524592546,0.37100738116647647,40.876565321038484,0.2101512418377963,42.23681006888496,0.21729491450213595,,,86.5241360670376,0.034825299608806204,,,13.475863932962403,0.03482529960880462
"R_[0.0, 0.0, 1.0]",0.1,summer,626844.7665306098,4934.017860766646,0.0,0.0,3850.375478468844,22.72531088297344,0.0,0.0,15.615739486734812,0.11229447288027175,0.0,0.0,626599.2611227033,4785.058607792369,0.0,0.0,3948.441972401966,23.657011903754608,0.0,0.0,17.415953354694217,0.13314953948454666,0.0,0.0,97248.33333333333,213.82204438894473,756946.3333333334,1888.5116538339464,,,73212.16666666667,214.28897934020443,517041.5,525.8812603620642,-10.811724572884387,0.3571047560702292,-13.884412030869607,0.4096147217472085,39.84392695646206,0.34263978117741606,39.31099702429786,0.35885907082107155,36.8630261829069,0.10734835625125981,37.5446171211959,0.12304606307498166,10.486079844359509,0.030062692145467907,81.61959081823659,0.049569820969091974,,,7.894329337403899,0.0329115619999715
"R_[0.0, 0.0, 1.0]",0.1,winter,690701.9037951073,5255.907519146556,0.0,0.0,3413.455336487321,26.408585367082747,0.0,0.0,17.104834841866953,0.12605740878495045,0.0,0.0,687543.0405883406,5286.058913551047,0.0,0.0,3555.277019434403,27.324416562872603,0.0,0.0,19.440329311981802,0.13959067892099386,0.0,0.0,16539.333333333332,109.98848424569991,896729.0,1735.374426456722,8779.666666666666,66.07773200304824,5358.833333333333,59.50266100492199,517260.6666666667,462.56920203000334,-20.3024206503263,0.3863973826468603,-23.121006249878103,0.4216818887264521,45.98239250559988,0.2637212991417164,46.15696578409395,0.2708708424762197,43.15076399479518,0.17383861481760626,45.39981138038603,0.1857826901235556,1.783394876087135,0.011210863284079504,96.69208439771988,0.011359584901497265,0.9466900551494878,0.006914231005762382,0.5778306710435013,0.006404068593457743
"R_[0.0, 0.0, 1.0]",0.15,autumn,515883.0532425169,4005.7733741249763,0.0,0.0,3248.8232432745285,22.34369559811381,0.0,0.0,16.459396671613906,0.12187787545865089,0.0,0.0,504052.98246088315,3867.336509734254,0.0,0.0,3462.818648446231,23.973572141087693,0.0,0.0,20.039237171126075,0.15217391327066915,0.0,0.0,27956.0,217.47367656799284,876406.6666666666,1732.4953871992525,,,23044.166666666668,154.69895496307146,517216.8333333333,590.263133413118,-14.393901997172419,0.4253654807298134,-25.086141033666767,0.5034518548658831,40.41428311511362,0.2893421534897727,39.97365374258979,0.31181427316793653,51.8403728413952,0.17043263322330693,56.49897915294783,0.17681956097872908,3.014420130497315,0.021658756323440494,94.50077460811026,0.03191594486987376,,,2.484805261392413,0.01766116812312692
"R_[0.0, 0.0, 1.0]",0.15,spring,479241.36174782267,3797.34005997916,0.0,0.0,5364.403758860531,46.128900161549275,0.0,0.0,19.53862421852604,0.1445919015823776,0.0,0.0,500497.2854521942,3851.084487437611,0.0,0.0,5542.930135000377,47.42238180400035,0.0,0.0,21.709524839248587,0.16776625484883445,0.0,0.0,8744.166666666666,80.64097386978094,732609.1666666666,1809.137741208965,11333.166666666666,78.28260768949058,174720.33333333334,577.5027849860736,517109.3333333333,402.97923850574756,-3.3188116576764295,0.33230260307888587,-7.593417699823278,0.4311564233466891,20.015044992328633,0.6093296271234568,18.469100802214623,0.6539103046048463,40.59554957423919,0.2180397962860848,41.50579226783956,0.2174596258249566,0.9428746861768736,0.010052225364958605,78.99539033122146,0.06466721394646698,1.2220383409306026,0.009878234261657546,18.839696641671065,0.06345498532011268
"R_[0.0, 0.0, 1.0]",0.15,summer,598098.998284852,4850.532017399407,0.0,0.0,4572.979321679105,27.18803306597095,0.0,0.0,15.908713003908195,0.11370672804053812,0.0,0.0,596017.6061245562,4698.6987671639345,0.0,0.0,4727.51430766724,28.449285748965274,0.0,0.0,18.670555618331587,0.14225926622624124,0.0,0.0,132274.0,274.6037144686872,659183.8333333334,2005.8908660908494,8068.666666666667,133.57644502930395,127880.33333333333,377.8267680652949,517231.5,536.5775805976212,-5.94042882432069,0.3964229119150777,-8.661939233967155,0.4512441753187554,29.409245831686192,0.45319995530900126,27.92112970736638,0.48646849663478237,36.77193605117926,0.1307977960750839,36.372846937137176,0.12645251704518937,14.262837397924292,0.045513525600044874,71.07805559176693,0.0888616882835994,0.8700213221298728,0.014082905364530237,13.78908568817892,0.05524455010366428
"R_[0.0, 0.0, 1.0]",0.15,winter,686258.0815631027,5201.884902237399,0.0,0.0,3541.3932954469115,26.877675231203828,0.0,0.0,17.275755581018334,0.12562458049209793,0.0,0.0,687386.293316182,5208.603444714421,0.0,0.0,3710.2452547910907,28.02180357194219,0.0,0.0,19.89229804254674,0.14397605629384402,0.0,0.0,37495.333333333336,286.8125985145472,850418.1666666666,1817.4751075782729,8148.5,98.4250984251476,31344.833333333332,171.97955304822307,517216.6666666667,505.1707302156963,-18.017340822041817,0.3338175040016468,-22.328895202088272,0.4184667339831,44.40527427542603,0.2734425330234111,44.13881718231119,0.2893188780644453,43.08296664840031,0.18627051476017809,44.85419221005403,0.18473840174106684,4.043070101261546,0.03587871258245112,91.69847238709339,0.026952570802956096,0.8786313900135179,0.010340250562930836,3.3798261216315364,0.014765955475399075
"R_[0.0, 0.0, 1.0]",0.2,autumn,518495.4710014392,3942.371829206822,0.0,0.0,3202.476523775386,23.545335202629865,0.0,0.0,16.615303567089878,0.12239785607138924,0.0,0.0,505996.3808222448,3819.5812788585577,0.0,0.0,3478.604926593716,25.239160628791105,0.0,0.0,21.016309005942073,0.1524004217936501,0.0,0.0,50138.666666666664,202.0442195824136,859732.3333333334,1725.8359906626943,,,17535.833333333332,108.6230485056767,517256.0,512.0421857620772,-15.51177246609393,0.37373023736689015,-25.719659960526787,0.49275935544839206,41.35711250519931,0.26760601701443465,40.830193663221515,0.2941193026474424,51.48309272720585,0.1700556423732053,56.08693211556917,0.17427520094366478,5.406346241518278,0.024215745585625354,92.70281522197968,0.02110748621057146,,,1.890838536502039,0.009526677650638079
"R_[0.0, 0.0, 1.0]",0.2,spring,505202.36363747326,3930.67453612183,0.0,0.0,4581.56533417114,36.00614370058731,0.0,0.0,19.58111957212351,0.14473451077739244,0.0,0.0,518304.1194386715,3948.100717922772,0.0,0.0,4819.146575247366,38.24383862560857,0.0,0.0,22.95880133688402,0.18052746061368144,0.0,0.0,3706.1666666666665,39.977076764899536,751597.1666666666,1727.8094127150434,4113.0,46.88709843869634,167990.5,309.755225944616,517252.0,309.4795631378612,-7.011528554768069,0.252390758557316,-13.421648749018978,0.3446174249184993,31.639348150454325,0.3269064263468672,30.36776853607923,0.36820657519669503,40.00523050116964,0.20428958451934667,41.37857731482291,0.21475813250260856,0.3996267067919101,0.004227480186554315,81.04283398055144,0.04607258898276862,0.44349650197344026,0.005175051170499097,18.114042810683216,0.04041667058612183
"R_[0.0, 0.0, 1.0]",0.2,summer,613676.0682396687,4977.483923186363,0.0,0.0,4273.838770166178,26.310636305258146,0.0,0.0,16.010288236787122,0.1126293130230561,0.0,0.0,614637.8516760598,4714.263353795239,0.0,0.0,4481.817501603661,28.131073587856836,0.0,0.0,19.477100943111278,0.15379831271921873,0.0,0.0,139716.66666666666,631.4765764988135,682702.3333333334,1970.2517267259736,12971.333333333334,99.46590705697454,92016.5,330.5956745028587,517344.1666666667,221.88232617012287,-7.977976263736328,0.3358731921718415,-11.491919725658564,0.4515268939647002,34.12548505677591,0.48458891053770303,32.635779036664395,0.5290363528825504,36.74854198285496,0.09680954350288089,35.966547039165995,0.13074824414674888,15.065345095737484,0.07240092416391888,73.61401186281195,0.08163914440713525,1.3986792530818237,0.012210836883405548,9.92196378836874,0.04594233348222471
"R_[0.0, 0.0, 1.0]",0.2,winter,684569.1223589502,5202.734810167632,0.0,0.0,3623.9932660993513,27.563771317177313,0.0,0.0,17.496643627531004,0.12468396736910614,0.0,0.0,680023.624613808,5108.221449925716,0.0,0.0,3869.100169273465,29.740746490001957,0.0,0.0,21.40577184986957,0.16115010736679594,0.0,0.0,55945.5,252.42246334270652,811987.1666666666,1850.792632000327,21351.666666666668,182.31255213689067,38122.5,107.3848220187565,517112.1666666667,444.7873274573645,-17.981234408989543,0.3465860744253527,-22.027810730188463,0.41611604541908676,43.433361283301906,0.2688560132552128,42.835905622741116,0.2968198476969506,42.82352720490089,0.17389632557442528,44.149041131435844,0.18980617460881696,6.032519635206015,0.03722045854235397,87.55453655978154,0.043993979012141284,2.302290477226764,0.018073442491115057,4.110653327785684,0.007045973020806152
"R_[0.0, 1.0, 0.0]",0.05,autumn,616248.4119426344,4533.847518618057,0.0,0.0,2407.476420118647,17.74021405094914,0.0,0.0,35.70654559739397,0.2881395931399391,0.0,0.0,628211.394726247,4696.139656195884,0.0,0.0,2523.4928293019407,18.563104730416054,0.0,0.0,36.748108684592026,0.2919419399286805,0.0,0.0,927406.8333333334,1790.0245156607998,,,,,,,517005.5,430.33138393567503,-48.635388265836355,0.5389969532404468,-49.4219348498786,0.5477653792238287,54.39108246865107,0.21513300054438003,55.51886034423874,0.21394668131549993,5.842599575545006,0.3468345086835677,5.6306242227629975,0.35401301004330316,100.0,0.0,,,,,,
"R_[0.0, 1.0, 0.0]",0.05,spring,579894.6474568266,4592.514891530445,0.0,0.0,2663.1950790948563,20.888436152149165,0.0,0.0,37.53676043560754,0.27625851755657443,0.0,0.0,585495.096317841,4577.060688220662,0.0,0.0,2765.466133732123,21.715883313382356,0.0,0.0,38.9044099571134,0.28927437913084775,0.0,0.0,918168.0,1773.1010123509604,9238.833333333334,51.70847770594941,,,,,516966.1666666667,421.1571757273704,-28.54828586343105,0.351102091682566,-30.190484430139794,0.391667754182356,58.70517898723255,0.1853046120680176,59.523941904942866,0.1849634267071874,-12.332296967986222,0.4067191100517874,-12.376576607736043,0.4187618793802137,99.00379927384607,0.005238850037063969,0.9962007261539311,0.0052388500370636375,,,,
"R_[0.0, 1.0, 0.0]",0.05,summer,698004.3181883547,4801.013335147814,0.0,0.0,3107.0143285426457,24.16175118287417,0.0,0.0,17.50328698382219,0.11277338685690916,0.0,0.0,699573.4793442426,4732.710080065422,0.0,0.0,3163.444858064891,24.539502653271267,0.0,0.0,18.449972769426697,0.12254221674984249,0.0,0.0,367133.1666666667,1001.6257617826496,560273.6666666666,2126.351585854671,,,,,517147.8333333333,235.37070052719503,-25.164934034326063,0.34336339188900095,-26.813142737440327,0.3757863677181087,50.94224581549144,0.2058804068451389,51.02860744015917,0.2063875443506345,29.324631554587864,0.18827294584854498,29.994929978938668,0.19700621873375487,39.58720515763789,0.13757961482828363,60.41279484236211,0.13757961482828363,,,,
"R_[0.0, 1.0, 0.0]",0.05,winter,805803.0106851821,6272.3506223998675,0.0,0.0,2751.6782802196235,20.939353013653758,0.0,0.0,29.77746419707871,0.22176597758681518,0.0,0.0,816219.078476774,6355.627110902231,0.0,0.0,2843.7066337911037,21.659882042514674,0.0,0.0,30.751568499371817,0.22954421249815732,0.0,0.0,919713.0,1841.3625389911704,7693.833333333333,91.43394701458904,,,,,516969.5,423.3748929731259,-42.314492735966915,0.4977097062262292,-43.63825491558762,0.5157066100227885,55.938230338680455,0.2269532057527499,56.59560866795372,0.22696038695954027,4.816618022551112,0.32138758310377763,4.947671421560224,0.3238901652316028,99.17038167691823,0.010807549677277626,0.8296183230817812,0.010807549677276183,,,,
"R_[0.0, 1.0, 0.0]",0.1,autumn,613439.6288100076,4543.4326480424015,0.0,0.0,2417.9298722203935,17.676678073959817,0.0,0.0,35.350751582852375,0.2907282634482817,0.0,0.0,623037.7260320442,4652.9347498089055,0.0,0.0,2670.5138594231926,19.98421918165724,0.0,0.0,38.11149019443437,0.31371975474303476,0.0,0.0,878995.8333333334,1883.4352037345705,48411.0,206.06503827675405,,,,,516978.3333333333,366.0397064071945,-44.25049040394702,0.4781930922052206,-48.74084479791693,0.5457110587817571,52.900096987086165,0.21042565328986843,55.3257008525672,0.21563877187049466,5.521711442509017,0.33633970315519907,6.571055829259858,0.3502025058963095,94.77993008675621,0.02787233310773358,5.2200699132438055,0.027872333107730254,,,,
"R_[0.0, 1.0, 0.0]",0.1,spring,578912.0704073617,4592.460055227153,0.0,0.0,2671.179299431147,20.837830042666603,0.0,0.0,37.285756079132355,0.27812555819113477,0.0,0.0,593106.5989407105,4685.8565281192095,0.0,0.0,2876.8732783745163,22.19556900596261,0.0,0.0,39.85393003478955,0.2961339677798334,0.0,0.0,886372.0,1780.199764071439,41034.833333333336,166.68343249005449,,,,,517083.6666666667,419.3188126791716,-27.463275033444802,0.3608358584470357,-29.96987806854632,0.39127671301816785,57.85600124495497,0.193029287813785,59.40257962386337,0.18667287843656213,-10.814487332951197,0.3761382208769957,-11.625054389894586,0.41489163566974785,95.57530403914957,0.019081654612317984,4.424695960850433,0.019081654612318928,,,,
"R_[0.0, 1.0, 0.0]",0.1,summer,686171.4307983993,4840.911107129297,0.0,0.0,3120.529628782953,24.05977633758097,0.0,0.0,16.8863582304495,0.1120043978814268,0.0,0.0,689816.0073396193,4714.411209663618,0.0,0.0,3228.1886399647397,24.93597882766805,0.0,0.0,18.627284172338452,0.1313203422664399,0.0,0.0,318483.1666666667,918.6697810784178,608923.6666666666,2197.4519486593226,,,,,517099.5,249.5650215875616,-21.991822446464145,0.341348908863656,-24.66327478250635,0.39076490282726545,50.818072195892434,0.20249805865007572,50.81555372130268,0.21025848849836948,32.47143263079469,0.10537363686360349,32.46255124920189,0.12830549316944811,34.34140149024503,0.13142653199311455,65.65859850975497,0.13142653199311377,,,,
"R_[0.0, 1.0, 0.0]",0.1,winter,800802.5199148356,6270.959717138334,0.0,0.0,2763.058646845797,20.92856050069744,0.0,0.0,29.45241295104646,0.22247715032081938,0.0,0.0,804756.0093580056,6280.8553904970395,0.0,0.0,2981.158454891575,22.59819569149996,0.0,0.0,32.344040247110826,0.24607507151454275,0.0,0.0,849077.0,1801.0852284109146,78329.83333333333,158.11061528773558,,,,,516842.5,399.4970588127033,-40.811609589122085,0.4616684931719683,-42.746863303010365,0.5169489578528434,54.7052936602765,0.22629874570174208,56.41608301413311,0.22893158569928168,5.416734754773171,0.302963985197657,5.985330594558609,0.31880998350411954,91.55385965135214,0.02386344862665328,8.44614034864785,0.023863448626647174,,,,
"R_[0.0, 1.0, 0.0]",0.15,autumn,608881.1121038288,4529.141990423378,0.0,0.0,2435.2869398440494,17.719917329407927,0.0,0.0,34.911823664183146,0.2889667457617326,0.0,0.0,641902.5566942146,4811.8782963822105,0.0,0.0,2856.630244618107,22.04735398737226,0.0,0.0,38.257094435542406,0.3253646245302631,0.0,0.0,811691.6666666666,1801.211777295122,115715.16666666667,132.42872296698576,,,,,517176.3333333333,318.1915565609293,-45.67870795724283,0.5205672931406855,-47.63553704216098,0.5499295952760778,50.845497710416595,0.20727207279582155,55.00498979372054,0.2191807938696905,8.05857854189068,0.32065499990538915,7.731144460621167,0.34353854376567433,87.52267809471914,0.028592686450066556,12.477321905280862,0.028592686450065647,,,,
"R_[0.0, 1.0, 0.0]",0.15,spring,579192.1126989169,4577.748451539862,0.0,0.0,2679.3950246403274,20.953599317171477,0.0,0.0,36.97291399688289,0.2731160049314094,0.0,0.0,620177.919732497,5010.08151803184,0.0,0.0,2985.306763687496,23.39139399356187,0.0,0.0,39.765907807848976,0.2924579803159212,0.0,0.0,861608.8333333334,1646.7479973167387,65798.0,218.7061956141151,,,,,517039.5,368.53154546116656,-28.024237388104172,0.329501258604682,-30.032770919215476,0.3900372781507821,56.92226390539388,0.1842507555153643,59.27771794311571,0.1876988449625511,-8.812976365612883,0.4075078496776351,-10.68856245429157,0.42287159279308106,92.90516751250202,0.017276705049168874,7.094832487497989,0.017276705049169293,,,,
"R_[0.0, 1.0, 0.0]",0.15,summer,688347.2350595806,4865.400858358734,0.0,0.0,3130.7777191395176,24.098090809457467,0.0,0.0,16.90293102056735,0.11485822013017268,0.0,0.0,683375.9988694739,4711.529463549618,0.0,0.0,3294.283614089538,25.494840244978917,0.0,0.0,19.808312715724036,0.14486838123611404,0.0,0.0,344954.8333333333,660.7058094694428,582452.0,2099.6811186463515,,,,,517132.8333333333,322.14867168229847,-21.468519801540754,0.32340456424651093,-25.05852146528622,0.37414913852467085,50.81108722646929,0.19943583119349453,50.65403811893106,0.20690219965708725,32.91875265515536,0.1541351346490819,32.39622660276003,0.18106237517465495,37.19578476539402,0.11653088801181569,62.80421523460598,0.11653088801181569,,,,
"R_[0.0, 1.0, 0.0]",0.15,winter,801139.4949562236,6251.882649843683,0.0,0.0,2773.606947639412,21.00629691891127,0.0,0.0,29.20030421886645,0.21983281681063582,0.0,0.0,819796.5648889728,6410.651160607817,0.0,0.0,3066.476261689924,23.6976017238078,0.0,0.0,32.35392263112557,0.24751644886408902,0.0,0.0,838882.5,1879.5851403966776,88524.33333333333,251.62485303854038,,,,,517001.6666666667,219.81689349698777,-40.75072788106478,0.4336350217383938,-42.80694844166254,0.514676982395061,54.05164721869184,0.22188562484611868,56.24969627071861,0.2297642438225937,7.4272897792572605,0.29104704982752805,6.790053277955057,0.3215580189556377,90.45459622867396,0.036974574320778206,9.545403771326033,0.03697457432077846,,,,
"R_[0.0, 1.0, 0.0]",0.2,autumn,607142.1686932401,4543.865215167656,0.0,0.0,2446.631524535986,17.695340879684135,0.0,0.0,34.48495586246307,0.29016749972821987,0.0,0.0,638053.5955201212,4944.286919329678,0.0,0.0,2936.1768461662396,21.804708620165297,0.0,0.0,38.80075681566255,0.31710284421775914,0.0,0.0,775520.6666666666,2011.7993604399799,151886.16666666666,371.02205684657554,,,,,517029.3333333333,479.6326371992008,-45.65843660954053,0.4956554607596266,-47.213867053779474,0.5528645766053654,50.501538246752936,0.21688875065055527,54.79535739794532,0.2238327784113926,10.427579588705333,0.31421413661640124,8.85935073110896,0.3563051196762634,83.62240288075832,0.06279837192046095,16.377597119241692,0.06279837192045902,,,,
"R_[0.0, 1.0, 0.0]",0.2,spring,577604.8080708458,4593.973513401946,0.0,0.0,2693.5310198601587,20.853146041823624,0.0,0.0,36.57311191500161,0.27718387209019596,0.0,0.0,608160.5815809177,4834.173076793576,0.0,0.0,3127.540258174408,23.992614861387963,0.0,0.0,41.53659861871037,0.3143684629415987,0.0,0.0,813298.6666666666,1988.9641189992922,114108.16666666667,451.06159963653306,,,,,516988.3333333333,468.35271608762986,-25.563492146504785,0.3169554634418773,-29.67638086072846,0.3943081696501297,55.63513555546155,0.19644921775062626,59.06284810321122,0.1902117885210759,-8.54160965226967,0.3973160706238667,-9.491552204196912,0.4297987193527977,87.69593215068893,0.06086567009426256,12.304067849311066,0.06086567009426309,,,,
"R_[0.0, 1.0, 0.0]",0.2,summer,680826.5933498769,4871.629873951895,0.0,0.0,3139.7225134555506,24.191159300454512,0.0,0.0,16.522575561602544,0.1156843521958631,0.0,0.0,672432.9861992379,4675.598187046145,0.0,0.0,3368.946558715686,26.120291366502656,0.0,0.0,20.483343180570333,0.15430304463671096,0.0,0.0,322245.5,592.8175942058455,605161.3333333334,1861.0796508120247,,,,,517114.1666666667,274.5719699216755,-18.131635453814294,0.3032605747615025,-23.692217399799446,0.41120205626360445,50.483861668052064,0.1968419532529416,50.51303146384913,0.21450815472649126,33.48065564352874,0.0872403053268628,33.917679723089115,0.10339587489272012,34.747043613469124,0.09040381152599257,65.25295638653087,0.0904038115259911,,,,
"R_[0.0, 1.0, 0.0]",0.2,winter,793001.0018291934,6243.583058757255,0.0,0.0,2799.466085312577,21.13243066181129,0.0,0.0,28.6369005894351,0.218049469000466,0.0,0.0,800282.1843100187,6205.766710434647,0.0,0.0,3217.0617456182426,25.05847365623539,0.0,0.0,33.92172067338214,0.27154819576875544,0.0,0.0,753461.5,1789.710004442065,173945.33333333334,497.0974418226942,,,,,516888.3333333333,443.7678071544444,-38.845410482145134,0.4219124782356518,-41.35616815419916,0.5123703102152526,52.96628995036519,0.21564304535911116,55.84179935158628,0.2303683773966311,9.392725307405128,0.2809167191247538,8.588575334788752,0.30156748780487214,81.24385605866952,0.06023345003113663,18.756143941330475,0.06023345003113713,,,,
"R_[0.333, 0.333, 0.334]",0.05,autumn,519071.6291050757,3956.6174225691466,0.0,0.0,3120.4286392831077,23.664778678197916,0.0,0.0,16.20999798312638,0.12243477699696623,0.0,0.0,519875.6448926201,3963.439916446151,0.0,0.0,3174.821376027058,24.058265245593084,0.0,0.0,17.085642244962255,0.1283641210202116,0.0,0.0,,,927406.8333333334,1790.0245156607998,,,,,517213.1666666667,506.27321345955244,-23.0029880565659,0.4622550674515145,-25.859341399985524,0.49193763881763725,42.619258970864045,0.26252556720029796,42.34628043333898,0.27024439428304436,56.222372067496174,0.16940852492614245,57.15818339337789,0.16757200077376347,,,100.0,0.0,,,,
"R_[0.333, 0.333, 0.334]",0.05,spring,549403.8576820953,4248.355017437739,0.0,0.0,3341.0188565075805,25.647720769032784,0.0,0.0,19.130373691526284,0.14293700825569106,0.0,0.0,548108.4215997098,4198.295919225443,0.0,0.0,3407.1767603361964,26.24970855885292,0.0,0.0,20.272045836367095,0.15435720804123063,0.0,0.0,,,927406.8333333334,1790.0245156607998,,,,,517213.1666666667,506.27321345955244,-20.339951362043692,0.31433015145026766,-23.345184066700636,0.3501117759167546,49.12286341723796,0.23855778579068806,49.22207165737624,0.2425894287653092,41.46672254176719,0.20952577510267414,42.72801477332481,0.21669731842409706,,,100.0,0.0,,,,
"R_[0.333, 0.333, 0.334]",0.05,summer,649311.5731252775,4862.564771418464,0.0,0.0,3166.739078375569,24.023759153621782,0.0,0.0,15.417389194542372,0.11283879834568242,0.0,0.0,644274.3352604002,4829.577829443088,0.0,0.0,3216.566893753206,24.39377298414393,0.0,0.0,16.551851608063973,0.121451228817915,0.0,0.0,,,927406.8333333334,1790.0245156607998,,,,,517213.1666666667,506.27321345955244,-15.27066890352278,0.37163440465134856,-17.966371115201976,0.40050142049560206,50.118366059230574,0.21613906365780958,50.08716458668946,0.21796473739559974,36.596007192525775,0.12482609926739949,38.3379665250289,0.12335970178191802,,,100.0,0.0,,,,
"R_[0.333, 0.333, 0.334]",0.05,winter,691947.029826854,5288.693449574021,0.0,0.0,3353.5053759700954,25.41014573298949,0.0,0.0,16.999533357385943,0.12521602666543388,0.0,0.0,697303.7507529012,5319.657494167046,0.0,0.0,3415.008046901608,25.922001614484962,0.0,0.0,17.834863442232646,0.1325477531864939,0.0,0.0,,,927406.8333333334,1790.0245156607998,,,,,517213.1666666667,506.27321345955244,-21.580707681834124,0.4097524607981033,-23.3429467973862,0.4281859923479488,47.08620679355578,0.2711720973407796,47.102505890682494,0.27638161272384065,44.79689912537364,0.1738559118495369,45.735947315215554,0.18272655882221278,,,100.0,0.0,,,,
"R_[0.333, 0.333, 0.334]",0.1,autumn,519071.6291050757,3956.6174225691466,0.0,0.0,3120.4286392831077,23.664778678197916,0.0,0.0,16.20999798312638,0.12243477699696623,0.0,0.0,516766.46930305444,3911.349860594443,0.0,0.0,3263.846587271891,24.804682066544693,0.0,0.0,18.402044458892274,0.1410395475771176,0.0,0.0,,,927406.8333333334,1790.0245156607998,,,,,517213.1666666667,506.27321345955244,-19.645694125263226,0.4029406333290421,-25.859341399985524,0.49193763881763725,42.435516576693075,0.2575764742993762,42.34628043333898,0.27024439428304436,54.38122271475209,0.15727868953549762,57.15818339337789,0.16757200077376347,,,100.0,0.0,,,,
"R_[0.333, 0.333, 0.334]",0.1,spring,549403.8576820953,4248.355017437739,0.0,0.0,3341.0188565075805,25.647720769032784,0.0,0.0,19.130373691526284,0.14293700825569106,0.0,0.0,549215.1091375445,4190.807009101495,0.0,0.0,3491.106524294328,27.061621224363908,0.0,0.0,21.524053301877434,0.16695719265228723,0.0,0.0,,,927406.8333333334,1790.0245156607998,,,,,517213.1666666667,506.27321345955244,-18.030784842783827,0.30307836113817405,-23.345184066700636,0.3501117759167546,48.85797860548083,0.23045328980750768,49.22207165737624,0.2425894287653092,40.15212599863173,0.2114358677512276,42.72801477332481,0.21669731842409706,,,100.0,0.0,,,,
"R_[0.333, 0.333, 0.334]",0.1,summer,647516.0215083496,4867.759083407434,0.0,0.0,3200.994141305613,23.911711474445358,0.0,0.0,15.42049491987236,0.1128335321488931,0.0,0.0,639033.7288257864,4747.744981290858,0.0,0.0,3315.618672358755,24.749895697545075,0.0,0.0,17.729503270464214,0.13133898020195983,0.0,0.0,,,922226.6666666666,1861.7509679510583,,,5180.166666666667,96.41455630073028,517235.6666666667,527.6963773484325,-13.010837596106894,0.3564656153058423,-17.64014444326796,0.402422834057247,49.48593644706414,0.22039844430555608,49.54719224496855,0.22620691593886824,35.72623302432222,0.11271550467476911,38.32554445599894,0.12339083443887826,,,99.4414213854052,0.011215422266534188,,,0.558578614594797,0.011215422266534707
"R_[0.333, 0.333, 0.334]",0.1,winter,691947.029826854,5288.693449574021,0.0,0.0,3353.5053759700954,25.41014573298949,0.0,0.0,16.999533357385943,0.12521602666543388,0.0,0.0,686884.0792902625,5307.539433154888,0.0,0.0,3500.9801399527423,26.354862615907912,0.0,0.0,19.50391141286569,0.13966404009308503,0.0,0.0,,,927406.8333333334,1790.0245156607998,,,,,517213.1666666667,506.27321345955244,-20.18710369910404,0.39104821593292693,-23.3429467973862,0.4281859923479488,46.807266327277944,0.2697301559630658,47.102505890682494,0.27638161272384065,42.964820957444886,0.17581548628488824,45.735947315215554,0.18272655882221278,,,100.0,0.0,,,,
"R_[0.333, 0.333, 0.334]",0.15,autumn,519071.6291050757,3956.6174225691466,0.0,0.0,3120.4286392831077,23.664778678197916,0.0,0.0,16.20999798312638,0.12243477699696623,0.0,0.0,502439.8540003914,3847.897734316756,0.0,0.0,3346.6015663432445,25.30418194793282,0.0,0.0,20.15510042405218,0.15159485212837792,0.0,0.0,,,927406.8333333334,1790.0245156607998,,,,,517213.1666666667,506.27321345955244,-14.027814843259458,0.4235777554492471,-25.859341399985524,0.49193763881763725,42.414386336238174,0.25331450541008294,42.34628043333898,0.27024439428304436,51.56189281399789,0.17404784275557758,57.15818339337789,0.16757200077376347,,,100.0,0.0,,,,
"R_[0.333, 0.333, 0.334]",0.15,spring,549403.8576820953,4248.355017437739,0.0,0.0,3341.0188565075805,25.647720769032784,0.0,0.0,19.130373691526284,0.14293700825569106,0.0,0.0,550056.5978773668,4201.336580151244,0.0,0.0,3538.957053799238,27.245488648876105,0.0,0.0,22.260881985473418,0.17057036844848894,0.0,0.0,,,927406.8333333334,1790.0245156607998,,,,,517213.1666666667,506.27321345955244,-13.5492524692509,0.2596626726398618,-23.345184066700636,0.3501117759167546,48.9330495966442,0.22940505360078925,49.22207165737624,0.2425894287653092,39.086843788643485,0.21851970531820616,42.72801477332481,0.21669731842409706,,,100.0,0.0,,,,
"R_[0.333, 0.333, 0.334]",0.15,summer,644490.5790929619,4868.07087425578,0.0,0.0,3254.1270072120824,23.71893939756722,0.0,0.0,15.525880742694943,0.1130468065330733,0.0,0.0,623677.0688367421,4734.468927689917,0.0,0.0,3448.519391342388,25.011071105508332,0.0,0.0,19.485381404168432,0.1407155127527576,0.0,0.0,7595.333333333333,45.40778200558426,897940.6666666666,1773.069052988828,,,21870.833333333332,123.62429642536584,517307.8333333333,534.0671930259892,-10.8568441364112,0.3519338436193841,-17.090455407240345,0.3993881798521191,48.50788128669813,0.22696327232184843,48.70966859565709,0.2320300304442628,34.012364183419955,0.13261910131411145,37.90403973192117,0.12395792151975339,0.8189946560995812,0.006173630123798534,96.82272927057265,0.011837294838430693,,,2.358276073327779,0.012028837606245528
"R_[0.333, 0.333, 0.334]",0.15,winter,691947.029826854,5288.693449574021,0.0,0.0,3353.5053759700954,25.41014573298949,0.0,0.0,16.999533357385943,0.12521602666543388,0.0,0.0,687591.6387526821,5286.869817612291,0.0,0.0,3537.5633829469075,26.585659554517456,0.0,0.0,20.02919830975794,0.1442603724800464,0.0,0.0,,,927406.8333333334,1790.0245156607998,,,,,517213.1666666667,506.27321345955244,-18.05253420830113,0.34284988441742115,-23.3429467973862,0.4281859923479488,46.9927310404069,0.2642364994030488,47.102505890682494,0.27638161272384065,42.69124764628328,0.1874114662322388,45.735947315215554,0.18272655882221278,,,100.0,0.0,,,,
"R_[0.333, 0.333, 0.334]",0.2,autumn,519071.6291050757,3956.6174225691466,0.0,0.0,3120.4286392831077,23.664778678197916,0.0,0.0,16.20999798312638,0.12243477699696623,0.0,0.0,500037.4312732403,3840.8303364300955,0.0,0.0,3415.1281297742644,25.38175822226175,0.0,0.0,21.16325687504712,0.15214125707308357,0.0,0.0,,,927406.8333333334,1790.0245156607998,,,,,517213.1666666667,506.27321345955244,-14.151348840414663,0.3749807935855044,-25.859341399985524,0.49193763881763725,42.42732430687278,0.2498159569486067,42.34628043333898,0.27024439428304436,51.143835311276355,0.17283293599812713,57.15818339337789,0.16757200077376347,,,100.0,0.0,,,,
"R_[0.333, 0.333, 0.334]",0.2,spring,549403.8576820953,4248.355017437739,0.0,0.0,3341.0188565075805,25.647720769032784,0.0,0.0,19.130373691526284,0.14293700825569106,0.0,0.0,543338.1747487942,4171.17013719631,0.0,0.0,3611.2495129921863,28.00486618150817,0.0,0.0,23.54925501303299,0.18196997629219777,0.0,0.0,,,927406.8333333334,1790.0245156607998,,,,,517213.1666666667,506.27321345955244,-12.18010799353577,0.2508437588837716,-23.345184066700636,0.3501117759167546,48.773655014744016,0.22211681995203575,49.22207165737624,0.2425894287653092,38.46224764976304,0.20435122662951027,42.72801477332481,0.21669731842409706,,,100.0,0.0,,,,
"R_[0.333, 0.333, 0.334]",0.2,summer,644715.1928687206,4878.810043378763,0.0,0.0,3245.548303608551,23.67816209606601,0.0,0.0,15.548313031365225,0.11217996026234522,0.0,0.0,622642.1079365849,4672.039578792567,0.0,0.0,3510.8960243443503,25.60168704084381,0.0,0.0,20.565485232777448,0.1506354999402614,0.0,0.0,4073.3333333333335,32.25316521934972,903919.0,1734.4235930129641,,,19414.5,86.09471528496974,517249.1666666667,518.4474579614202,-9.384178039623192,0.30753606607021094,-17.131259579987177,0.4019472676492321,48.397326267917265,0.21719904440345755,48.84488727637645,0.23080320233035806,33.21380891910811,0.09284478961866383,37.81429560212612,0.12478406718053041,0.43921615201865444,0.003155965732238637,97.46736667848775,0.007588832604706048,,,2.0934171694935855,0.008159301049290772
"R_[0.333, 0.333, 0.334]",0.2,winter,691805.297195475,5290.744884655425,0.0,0.0,3354.8005230954386,25.389425949733848,0.0,0.0,17.052891989327758,0.12453699735825567,0.0,0.0,677330.1019528012,5168.016766036449,0.0,0.0,3626.676371308428,27.485838416641034,0.0,0.0,21.710151086893685,0.16060824522371328,0.0,0.0,3919.6666666666665,72.73146957587659,919672.1666666666,1786.8447516968845,3815.0,61.165349667928815,,,517184.5,545.3343011401405,-17.513863882269987,0.3579058380450251,-23.317678822908775,0.42813855922054483,46.97756109573905,0.25795450075023857,47.0820742422429,0.2763102594747642,42.010457747797695,0.17721307433012992,45.56560498579905,0.18185328804238354,0.4226461018793428,0.007679069034180456,99.16598807761473,0.007242032387326077,0.4113658205059283,0.006821745760470017,,
"R_[1.0, 0.0, 0.0]",0.05,autumn,35963.606273075675,280.3892812165422,0.0,0.0,11813.162746656444,104.41452422621106,0.0,0.0,40.90324109055038,0.2681391736100927,0.0,0.0,53193.5470425937,387.64283870997974,0.0,0.0,11935.882800180547,105.3808285355964,0.0,0.0,42.41243057542598,0.27887808005015846,0.0,0.0,,,,,,,927406.8333333334,1790.0245156607998,517111.5,410.5400102304296,87.41435416121637,0.04204318087811266,91.27990855728224,0.03485404332464826,-115.72274939961058,0.7225465449124555,-118.25978739217618,0.7530074091065003,-8.671793592420402,0.4491349048133462,-8.104970374145315,0.45910768501346017,,,,,,,100.0,0.0
"R_[1.0, 0.0, 0.0]",0.05,spring,59862.59676738326,468.91666611434874,0.0,0.0,15784.686172953034,125.79218538366828,0.0,0.0,27.291995114044806,0.19152894948785296,0.0,0.0,81829.9844883396,616.0906927620241,0.0,0.0,15895.996161398465,126.77985552575795,0.0,0.0,28.460888952887842,0.2033203181218737,0.0,0.0,,,,,,,927406.8333333334,1790.0245156607998,517111.5,410.5400102304296,82.0338026117637,0.04669926726985324,86.56042154020753,0.036598929154324875,-137.3641616720104,1.1367199176024396,-139.90060257218474,1.1685108757452942,17.822082068302397,0.3039395823895018,18.293725796238107,0.3181197616108592,,,,,,,100.0,0.0
"R_[1.0, 0.0, 0.0]",0.05,summer,44725.22309394554,327.09589115938803,0.0,0.0,14165.979074915793,97.43257881624427,0.0,0.0,28.46722994371068,0.26492081832331005,0.0,0.0,62487.05610610067,526.3570942348102,0.0,0.0,14270.74563025998,98.12372760420527,0.0,0.0,29.687399855538192,0.2703457415161325,0.0,0.0,,,,,,,927406.8333333334,1790.0245156607998,517111.5,410.5400102304296,88.8201298464228,0.04734778655050457,91.87435853605001,0.02477914766582414,-121.30841154858103,1.13149857342757,-123.27996881383287,1.1518883529537791,-13.720108988433639,0.27087317137487504,-13.853588389928271,0.29151025627156,,,,,,,100.0,0.0
"R_[1.0, 0.0, 0.0]",0.05,winter,53002.66000468939,396.3401292057063,0.0,0.0,14543.815856107001,109.62024092930926,0.0,0.0,36.17025582806529,0.28621761170434457,0.0,0.0,74017.55932003337,523.4752162885626,0.0,0.0,14653.586789798306,110.4291143907061,0.0,0.0,37.31099806072471,0.29556372339155873,0.0,0.0,,,,,,,927406.8333333334,1790.0245156607998,517111.5,410.5400102304296,87.09439618335394,0.03698242823498838,90.5520087413688,0.03199290645678803,-127.04957449580742,1.0921588648156966,-129.41084501247033,1.1199567086417856,-15.48571935268115,0.2550601249964793,-15.458039352087459,0.26205123023610655,,,,,,,100.0,0.0
"R_[1.0, 0.0, 0.0]",0.1,autumn,35963.606273075675,280.3892812165422,0.0,0.0,11813.162746656444,104.41452422621106,0.0,0.0,40.90324109055038,0.2681391736100927,0.0,0.0,79827.47312389444,683.6518017748677,0.0,0.0,12047.03487410678,106.13587422971248,0.0,0.0,43.32756405976687,0.2845743699928475,0.0,0.0,,,,,,,927406.8333333334,1790.0245156607998,517111.5,410.5400102304296,81.5178091495505,0.07867260950663311,91.27990855728224,0.03485404332464826,-112.47103896856271,0.6887263779601001,-118.25978739217618,0.7530074091065003,-7.410209166688794,0.44250092138395525,-8.104970374145315,0.45910768501346017,,,,,,,100.0,0.0
"R_[1.0, 0.0, 0.0]",0.1,spring,59862.59676738326,468.91666611434874,0.0,0.0,15784.686172953034,125.79218538366828,0.0,0.0,27.291995114044806,0.19152894948785296,0.0,0.0,94683.84792337101,637.0164393656875,0.0,0.0,16014.877896330987,127.50560071169119,0.0,0.0,30.056162718515633,0.21548195633180367,0.0,0.0,,,,,,,927406.8333333334,1790.0245156607998,517111.5,410.5400102304296,79.65159568735623,0.03385402010285906,86.56042154020753,0.036598929154324875,-134.6054502112084,1.0958860041682958,-139.90060257218474,1.1685108757452942,16.42815121282927,0.3097587731493742,18.293725796238107,0.3181197616108592,,,,,,,100.0,0.0
"R_[1.0, 0.0, 0.0]",0.1,summer,44725.22309394554,327.09589115938803,0.0,0.0,14165.979074915793,97.43257881624427,0.0,0.0,28.46722994371068,0.26492081832331005,0.0,0.0,82780.85057138318,619.4507782823288,0.0,0.0,14388.49420347123,99.19002746199062,0.0,0.0,31.119116818678155,0.286014049894745,0.0,0.0,,,,,,,927406.8333333334,1790.0245156607998,517111.5,410.5400102304296,85.36049007805883,0.052029570494940426,91.87435853605001,0.02477914766582414,-119.21266047748452,1.0965377301729429,-123.27996881383287,1.1518883529537791,-12.813124293495093,0.2738904874075386,-13.853588389928271,0.29151025627156,,,,,,,100.0,0.0
"R_[1.0, 0.0, 0.0]",0.1,winter,53002.66000468939,396.3401292057063,0.0,0.0,14543.815856107001,109.62024092930926,0.0,0.0,36.17025582806529,0.28621761170434457,0.0,0.0,86631.72844061608,739.7208482807317,0.0,0.0,14791.657307208892,111.50618258749174,0.0,0.0,39.23820223764481,0.3064929136410461,0.0,0.0,,,,,,,927406.8333333334,1790.0245156607998,517111.5,410.5400102304296,84.8417108626888,0.06255935226999826,90.5520087413688,0.03199290645678803,-124.73918198448229,1.0532383739217595,-129.41084501247033,1.1199567086417856,-14.743336451509288,0.23422412692037933,-15.458039352087459,0.26205123023610655,,,,,,,100.0,0.0
"R_[1.0, 0.0, 0.0]",0.15,autumn,37162.49158009317,266.25391112772934,0.0,0.0,11799.161263912101,104.58709322613312,0.0,0.0,40.825429766175894,0.26889433639247046,0.0,0.0,96456.06082398492,814.0365978531281,0.0,0.0,12109.694232906824,107.26656527704628,0.0,0.0,43.99259231517508,0.294416443545874,0.0,0.0,,,4275.5,76.41662122863065,3851.8333333333335,50.62575102323584,919279.5,1850.9292531050467,517082.1666666667,381.0697661408823,78.10958376907865,0.08227074499591638,90.98919855060302,0.029808203702634355,-108.37114889064293,0.6494482280118709,-118.00104238340454,0.7473630938178124,-5.7266378014768415,0.4224458094380247,-7.899288390107,0.45457582921809303,,,0.4610255114578499,0.008766016106528135,0.4153377395757312,0.005760270183037802,99.12363674896642,0.01290291447418045
"R_[1.0, 0.0, 0.0]",0.15,spring,59862.59676738326,468.91666611434874,0.0,0.0,15784.686172953034,125.79218538366828,0.0,0.0,27.291995114044806,0.19152894948785296,0.0,0.0,135314.8465101917,1011.0232052333293,0.0,0.0,16064.833649985105,128.01204618164815,0.0,0.0,29.57771135174782,0.21219176464936093,0.0,0.0,,,,,,,927406.8333333334,1790.0245156607998,517111.5,410.5400102304296,72.06667798923272,0.05605756630342059,86.56042154020753,0.036598929154324875,-131.81432894017485,1.0661394916672218,-139.90060257218474,1.1685108757452942,19.065338638637236,0.28669877383866704,18.293725796238107,0.3181197616108592,,,,,,,100.0,0.0
"R_[1.0, 0.0, 0.0]",0.15,summer,44725.22309394554,327.09589115938803,0.0,0.0,14165.979074915793,97.43257881624427,0.0,0.0,28.46722994371068,0.26492081832331005,0.0,0.0,106904.33535596055,851.187029699364,0.0,0.0,14507.069903378295,100.14207988696914,0.0,0.0,32.27187101381464,0.2942148071723098,0.0,0.0,,,,,,,927406.8333333334,1790.0245156607998,517111.5,410.5400102304296,80.99805190491121,0.07652861010957046,91.87435853605001,0.02477914766582414,-116.61547320941423,1.0567953882697214,-123.27996881383287,1.1518883529537791,-9.288074999780996,0.2915639214309756,-13.853588389928271,0.29151025627156,,,,,,,100.0,0.0
"R_[1.0, 0.0, 0.0]",0.15,winter,53002.66000468939,396.3401292057063,0.0,0.0,14543.815856107001,109.62024092930926,0.0,0.0,36.17025582806529,0.28621761170434457,0.0,0.0,110147.16173014621,939.1384950961727,0.0,0.0,14872.514803336862,112.15578048151005,0.0,0.0,39.79980576133678,0.3103607688487436,0.0,0.0,,,,,,,927406.8333333334,1790.0245156607998,517111.5,410.5400102304296,81.0888838366246,0.07799222793931306,90.5520087413688,0.03199290645678803,-122.85116240239125,1.0291089638477986,-129.41084501247033,1.1199567086417856,-13.876902050696225,0.24709958438748855,-15.458039352087459,0.26205123023610655,,,,,,,100.0,0.0
"R_[1.0, 0.0, 0.0]",0.2,autumn,37806.881082418426,296.1781544539721,0.0,0.0,11767.836695277589,104.19360486722458,0.0,0.0,41.02438295868526,0.2694618695032924,0.0,0.0,103588.26217773593,980.2855172125301,0.0,0.0,12171.93905613439,107.04644981461408,0.0,0.0,45.505063046812296,0.29400265280866317,0.0,0.0,,,,,15624.666666666666,121.80585645471518,911782.1666666666,1846.6838837945863,517043.5,397.14468396291875,76.3524464599806,0.11899078204957243,90.83297675924975,0.035280724084369344,-105.19344091139526,0.6259389116729863,-117.4223124713463,0.7475480351879273,-5.050682294905386,0.41097009531893225,-8.425142860898804,0.4629921563595861,,,,,1.684783895111762,0.01484518484682876,98.31521610488824,0.014845184846825002
"R_[1.0, 0.0, 0.0]",0.2,spring,62453.95258041299,481.9610217068525,0.0,0.0,15710.585179208703,125.4990799456431,0.0,0.0,27.379135339897484,0.19161560427600774,0.0,0.0,145522.63739286133,1230.413567980841,0.0,0.0,16117.272407725775,128.64010741286427,0.0,0.0,31.932711949013854,0.2250204287850298,0.0,0.0,7446.166666666667,114.55028008113594,170.5,19.3778223750761,7596.666666666667,65.78348323604222,912193.5,1729.9367329471888,517048.0,334.6317378851035,69.95485461787122,0.08031265811933899,85.97864531892328,0.03252366916767806,-128.6266873076814,1.012572009515586,-138.77428693917466,1.1441619057431358,16.554591746381146,0.3017446114539416,18.03284375118544,0.3173267290178858,0.8029050485733403,0.01250372731571467,0.01838182858257664,0.002058134193086128,0.819123425813054,0.00591873366452026,98.35958969703103,0.013291833303427831
"R_[1.0, 0.0, 0.0]",0.2,summer,45259.642071184084,327.91260889423836,0.0,0.0,14153.341217818204,97.43353786707694,0.0,0.0,28.49814517566811,0.26494506104219095,0.0,0.0,138339.38311051263,1039.2335499673259,0.0,0.0,14550.86268221467,100.86099585487389,0.0,0.0,32.514051372887394,0.3000120203728211,0.0,0.0,,,,,3941.0,33.6867926641881,923465.8333333334,1791.5821406418056,517099.6666666667,410.6339813832566,75.69689146144422,0.06813212766959609,91.77726775131543,0.0228991706035776,-113.86752450204483,1.023661013281808,-123.0807575392757,1.1486812415569396,-5.587802341824287,0.24505106625863535,-13.977237997825794,0.29060367710932206,,,,,0.4249498696561759,0.003751251261103831,99.57505013034383,0.003751251261103526
"R_[1.0, 0.0, 0.0]",0.2,winter,53002.66000468939,396.3401292057063,0.0,0.0,14543.815856107001,109.62024092930926,0.0,0.0,36.17025582806529,0.28621761170434457,0.0,0.0,122027.64760831725,1021.0366171323187,0.0,0.0,14987.700105924569,113.18017754125287,0.0,0.0,41.391600190956815,0.32629765015912676,0.0,0.0,,,,,,,927406.8333333334,1790.0245156607998,517111.5,410.5400102304296,78.82877544401435,0.08337300407833759,90.5520087413688,0.03199290645678803,-119.12168628166721,0.987670496584731,-129.41084501247033,1.1199567086417856,-10.55967303013334,0.2218259177549136,-15.458039352087459,0.26205123023610655,,,,,,,100.0,0.0
