platform,VM_instance,CPU_freq,n_nodes,n_vCPU,mem_size_GB,input_size_bytes,algorithm,arrival_time,runtime_sec,avg_kbmemused,avg_%memused,avg_usr
AWS,m4.xlarge,2.4,10,4,17.18,24060206000,lr,2018-01-06 04:47:10,1594.825,9842080.32375,59.891628125000004,8.319315625
AWS,m4.2xlarge,2.4,6,8,34.36,24060216864,lr,2018-01-06 00:42:35,1481.332,18074122.846240178,54.85620650953984,7.790555555555556
AWS,r4.2xlarge,2.3,10,8,65.5,2993405732,pagerank,2018-01-06 03:34:52,647.263,3511891.153846154,5.5849153846153845,62.290853846153844
AWS,r4.2xlarge,2.3,6,8,65.5,48060216864,lr,2018-01-06 04:15:19,2329.139,29570622.650428507,47.02573071718538,9.055753270184935
AWS,c4.large,2.9,6,2,4.03,51326711030,wordcount,2018-01-05 23:13:19,1637.811,3652591.0267541646,94.75332660272589,57.991373043917214
AWS,r4.2xlarge,2.3,6,8,65.5,2993552826,pagerank,2018-01-06 00:41:36,211.120,20517583.317829456,32.62872093023256,60.47701550387597
AWS,m4.2xlarge,2.4,4,8,34.36,93799252261,join,2018-01-05 08:25:25,353.100,30457323.28169014,92.43996478873238,64.95609154929578
AWS,r4.large,2.3,10,2,16.37,6104010447,pagerank,2018-01-06 11:11:04,2537.644,2953090.762720403,18.858773299748112,69.53743450881612
AWS,r4.2xlarge,2.3,8,8,65.5,51326839918,wordcount,2018-01-04 20:01:54,376.773,9078397.712418301,14.4368954248366,52.121535947712424
AWS,r4.large,2.3,8,2,16.37,2993473154,pagerank,2018-01-05 04:54:02,1680.383,2482616.4035608307,15.854269287833828,69.0027262611276
AWS,m4.xlarge,2.4,6,4,17.18,48060213264,lr,2018-01-06 07:46:25,2660.798,15572998.57242583,94.76572425828971,19.992377835951135
AWS,m4.xlarge,2.4,8,4,17.18,48060214464,lr,2018-01-05 09:22:09,2486.897,14469018.704093568,88.04777944862157,15.004086883876358
AWS,r4.2xlarge,2.3,6,8,65.5,2993552826,pagerank,2018-01-06 00:03:51,764.887,4387813.51948052,6.978008658008658,69.11462121212121
AWS,r4.xlarge,2.3,6,4,32.75,2993420596,pagerank,2018-01-06 02:10:28,369.352,14324693.68,45.620266666666666,71.00095555555555
AWS,r4.large,2.3,6,2,16.37,2993504008,pagerank,2018-01-06 05:14:20,683.686,9150516.256038647,58.43636473429952,74.53801932367149
AWS,m4.2xlarge,2.4,10,8,34.36,24060212000,lr,2018-01-06 04:24:38,2208.313,14241129.437104072,43.222776018099545,3.085029411764706
AWS,c4.xlarge,2.9,6,4,8.05,93794653223,join,2018-01-06 00:10:15,390.882,7247418.034188034,94.61974358974359,64.3497435897436
AWS,c4.2xlarge,2.9,4,8,16.11,24060214464,lr,2018-01-05 09:24:28,1844.227,15053785.948648648,97.74600000000001,13.140351351351349
AWS,m4.xlarge,2.4,10,4,17.18,2993586581,pagerank,2018-01-06 04:16:33,887.284,2530383.4292134834,15.397983146067416,65.70232584269662
AWS,m4.2xlarge,2.4,4,8,34.36,2993511650,pagerank,2018-01-05 09:54:15,331.197,17759823.28358209,53.90171641791045,71.75033582089553
AWS,r4.2xlarge,2.3,4,8,65.5,50000000000,terasort,2018-01-05 07:43:00,1140.095,31358710.13973799,49.86930131004367,21.150294759825325
AWS,c4.2xlarge,2.9,8,8,16.11,24060238592,lr,2018-01-04 07:12:30,1659.638,13861467.608108109,90.0040427927928,4.333160660660661
AWS,m4.xlarge,2.4,8,4,17.18,6104074583,pagerank,2018-01-05 10:21:09,783.327,12027586.6,73.19103333333334,73.3417888888889
AWS,m4.large,2.4,10,2,8.59,93793714092,join,2018-01-06 04:35:47,601.230,7867967.341604632,96.23728701406121,57.680446650124075
AWS,r4.2xlarge,2.3,10,8,65.5,93800091161,join,2018-01-06 03:15:50,292.408,22515566.66,35.80608333333333,37.07235
AWS,r4.xlarge,2.3,4,4,32.75,51326716858,wordcount,2018-01-05 07:30:38,1178.593,14252434.718816068,45.390147991543344,64.06926004228329
AWS,c4.large,2.9,8,2,4.03,93793622935,join,2018-01-04 07:08:06,613.998,3618618.7154471544,93.87200203252033,57.91278455284552
AWS,r4.large,2.3,10,2,16.37,2993466603,pagerank,2018-01-06 06:36:22,447.776,7604576.2766191,48.56362239297475,68.80456641053787
AWS,c4.large,2.9,4,2,4.03,93795732950,join,2018-01-05 10:33:42,1026.298,3691195.2572815535,95.75490291262138,67.07002427184466
AWS,c4.2xlarge,2.9,8,8,16.11,93796077661,join,2018-01-04 06:20:51,300.215,14423814.2,93.65541666666668,40.19904166666666
AWS,r4.2xlarge,2.3,6,8,65.5,6104100736,pagerank,2018-01-06 03:33:10,1205.402,5708850.0419815285,9.078732157850546,70.39745591939547
AWS,r4.large,2.3,10,2,16.37,24060203000,lr,2018-01-06 05:48:24,1150.899,9149610.112554112,58.430341991342004,22.97351082251082
AWS,c4.2xlarge,2.9,6,8,16.11,93799843802,join,2018-01-05 23:46:01,340.459,14605043.874092009,94.83198547215497,45.06409200968523
AWS,m4.large,2.4,4,2,8.59,50000000000,terasort,2018-01-05 10:43:08,2122.249,7601678.284710018,92.97993555946104,52.23221441124781
AWS,m4.large,2.4,6,2,8.59,93795392259,join,2018-01-06 01:47:41,800.628,7866246.84057971,96.21591097308489,66.21007246376811
AWS,c4.xlarge,2.9,4,4,8.05,6104143946,pagerank,2018-01-05 19:05:36,2520.514,5230241.49044586,68.28422929936306,71.87266242038216
AWS,c4.xlarge,2.9,4,4,8.05,48060202400,lr,2018-01-05 21:05:43,6921.177,7505279.753472222,97.98638268849206,15.807695932539684
AWS,c4.large,2.9,4,2,4.03,6104163694,pagerank,2018-01-06 02:17:23,4916.345,3318828.1933876057,86.09501578335271,68.47194882870909
AWS,c4.xlarge,2.9,6,4,8.05,50000000000,terasort,2018-01-05 23:52:08,872.761,7080877.0724365,92.44564440263406,32.19927563499529
AWS,c4.2xlarge,2.9,10,8,16.11,6104130678,pagerank,2018-01-06 06:41:08,790.167,3619982.2416961133,23.504996466431095,61.86211660777384
AWS,m4.large,2.4,10,2,8.59,50000000000,terasort,2018-01-06 04:09:32,1210.706,7375381.869174162,90.21206050695012,34.73867130008177
AWS,r4.large,2.3,8,2,16.37,6104143946,pagerank,2018-01-05 15:06:21,1245.451,10257705.015320335,65.50682103064067,74.59429317548746
AWS,c4.xlarge,2.9,8,4,8.05,6104074583,pagerank,2018-01-04 19:41:50,1384.066,3763562.97907489,49.13590308370044,71.61696310572687
AWS,m4.large,2.4,4,2,8.59,2993564169,pagerank,2018-01-05 13:18:27,2945.876,3573708.205084746,43.71192372881356,69.37326694915255
AWS,c4.2xlarge,2.9,10,8,16.11,6104130678,pagerank,2018-01-06 08:37:48,444.335,11417672.194444444,74.13625,67.58758487654322
AWS,m4.large,2.4,10,2,8.59,2993466603,pagerank,2018-01-06 06:44:11,468.369,5967703.562105264,72.99393684210526,71.96232631578947
AWS,r4.xlarge,2.3,10,4,32.75,51326844161,wordcount,2018-01-06 02:54:45,512.090,6706230.123552124,21.357442084942083,60.21990347490347
AWS,c4.large,2.9,10,2,4.03,2993466603,pagerank,2018-01-06 06:44:33,748.634,3527876.1165562915,91.51803311258278,78.29606622516556
AWS,c4.xlarge,2.9,6,4,8.05,2993420596,pagerank,2018-01-06 00:47:31,1012.380,3243994.206896552,42.35240558292283,71.44399835796386
AWS,m4.2xlarge,2.4,8,8,34.36,6103970360,pagerank,2018-01-05 06:27:46,1060.533,4375963.15,13.281378571428572,66.46460714285715
AWS,r4.xlarge,2.3,8,4,32.75,6104074583,pagerank,2018-01-05 09:01:57,593.284,15300306.33495483,48.72722029186936,70.09684503127171
AWS,m4.large,2.4,10,2,8.59,2993466603,pagerank,2018-01-06 05:26:19,1382.405,2215842.276258993,27.103205035971218,71.24821582733813
AWS,r4.xlarge,2.3,6,4,32.75,24060213264,lr,2018-01-06 01:33:02,1055.554,15771789.188679244,50.22882075471698,17.899245283018868
AWS,m4.large,2.4,10,2,8.59,51326748744,wordcount,2018-01-06 02:57:55,1037.715,6083736.074179743,74.4132857822159,58.15104136947218
AWS,r4.xlarge,2.3,6,4,32.75,51326821846,wordcount,2018-01-05 23:10:16,783.071,10107275.395987328,32.18873284054911,64.4544878563886
AWS,m4.2xlarge,2.4,4,8,34.36,48060214464,lr,2018-01-05 14:53:30,2400.589,29356718.173314992,89.09965268225584,14.963118982118294
AWS,m4.2xlarge,2.4,8,8,34.36,2993413257,pagerank,2018-01-05 03:44:35,219.737,12768260.98888889,38.7525,54.95736111111111
AWS,c4.large,2.9,10,2,4.03,48060203000,lr,2018-01-06 13:18:59,4658.108,3754662.213282518,97.4011687486767,20.63257675206437
AWS,m4.large,2.4,10,2,8.59,6104010447,pagerank,2018-01-06 12:18:12,2600.612,2872063.0245,35.12971374999999,69.03432125
AWS,r4.large,2.3,8,2,16.37,50000000000,terasort,2018-01-05 03:23:39,1287.226,12628731.064158225,80.6482875060299,42.83543174143753
AWS,c4.2xlarge,2.9,6,8,16.11,51326883287,wordcount,2018-01-05 22:53:11,371.398,10816686.375545852,70.2339519650655,61.49506550218341
AWS,r4.2xlarge,2.3,6,8,65.5,50000000000,terasort,2018-01-05 23:21:46,439.509,21084281.378277153,33.53,41.95795880149812
AWS,r4.2xlarge,2.3,4,8,65.5,2993511650,pagerank,2018-01-05 08:34:21,958.545,5450099.349804942,8.667191157347204,72.94620286085825
AWS,c4.xlarge,2.9,6,4,8.05,24060213264,lr,2018-01-06 01:21:34,1836.923,7453785.706521739,97.31401721014493,16.584651268115945
AWS,m4.xlarge,2.4,10,4,17.18,50000000000,terasort,2018-01-06 03:28:50,548.317,12031884.461261261,73.21702702702702,38.685873873873874
AWS,r4.2xlarge,2.3,10,8,65.5,50000000000,terasort,2018-01-06 03:03:39,260.222,12814177.781132076,20.378245283018867,51.0344716981132
AWS,m4.2xlarge,2.4,8,8,34.36,51326827207,wordcount,2018-01-05 01:41:43,332.947,8864878.959409595,26.905424354243543,60.830258302583026
AWS,m4.large,2.4,6,2,8.59,2993504008,pagerank,2018-01-06 04:29:55,907.994,6817828.513661202,83.39209471766848,77.17163934426229
AWS,r4.xlarge,2.3,8,4,32.75,93799252261,join,2018-01-05 02:16:51,389.631,19670152.993589744,62.64349358974359,58.928717948717946
AWS,c4.xlarge,2.9,10,4,8.05,2993586581,pagerank,2018-01-06 05:12:55,352.465,6021939.104225352,78.62035211267606,71.81440845070424
AWS,m4.large,2.4,8,2,8.59,48060202400,lr,2018-01-05 14:06:54,5415.409,7939781.344478499,97.11546670381722,22.06233305470419
AWS,c4.xlarge,2.9,10,4,8.05,6103958074,pagerank,2018-01-06 10:38:50,858.360,6659729.954285714,86.9471306122449,80.06129387755102
AWS,c4.2xlarge,2.9,4,8,16.11,48060214464,lr,2018-01-05 17:26:21,5166.932,15169268.007117437,98.49567081850533,11.90238078291815
AWS,m4.xlarge,2.4,8,4,17.18,6104074583,pagerank,2018-01-05 08:36:19,1600.157,3676099.8992322455,22.36995681381958,71.74010076775431
AWS,r4.large,2.3,4,2,16.37,6104163694,pagerank,2018-01-06 07:25:53,2338.324,12180586.945454545,77.78645454545455,77.51235606060605
AWS,m4.2xlarge,2.4,10,8,34.36,6104130678,pagerank,2018-01-06 07:50:25,332.134,13716045.556756757,41.62913513513513,53.54565765765766
AWS,c4.large,2.9,4,2,4.03,24060201200,lr,2018-01-05 13:54:45,5875.396,3765811.309230115,97.69037856231391,21.315752871118672
AWS,r4.xlarge,2.3,6,4,32.75,50000000000,terasort,2018-01-06 00:09:11,860.456,18869034.843930636,60.09260115606936,40.761204238921
AWS,r4.2xlarge,2.3,4,8,65.5,24060214464,lr,2018-01-05 08:56:57,1167.980,24448318.914529916,38.87995726495726,12.722596153846153
AWS,m4.2xlarge,2.4,4,8,34.36,51326806293,wordcount,2018-01-05 07:18:02,609.296,15303383.413441956,46.44686354378819,64.80366598778004
AWS,r4.2xlarge,2.3,8,8,65.5,24060238592,lr,2018-01-04 21:21:16,1545.941,18264991.633870967,29.04657661290323,4.688741935483871
AWS,r4.2xlarge,2.3,10,8,65.5,6104130678,pagerank,2018-01-06 07:44:05,270.936,19942383.260215055,31.714129032258064,55.156774193548394
AWS,r4.xlarge,2.3,8,4,32.75,51326786157,wordcount,2018-01-05 01:39:17,575.111,8017949.072120559,25.534833153928957,65.46194833153929
AWS,r4.xlarge,2.3,8,4,32.75,6104074583,pagerank,2018-01-05 07:28:09,1619.567,4023195.5301318266,12.812735404896422,70.60067325800377
AWS,m4.xlarge,2.4,8,4,17.18,24060214464,lr,2018-01-05 04:01:06,1239.679,12056854.809236947,73.36920682730924,14.070958835341365
AWS,r4.2xlarge,2.3,8,8,65.5,48060238592,lr,2018-01-05 00:39:46,2488.774,25299427.500617284,40.23333641975309,6.2202469135802465
AWS,r4.2xlarge,2.3,10,8,65.5,48060212000,lr,2018-01-06 07:29:40,2830.579,22078176.377955914,35.11059118236472,4.061212424849699
AWS,m4.xlarge,2.4,10,4,17.18,48060206000,lr,2018-01-06 09:15:12,2437.692,13153835.667613285,80.04457834300531,10.207546610692678
AWS,m4.xlarge,2.4,4,4,17.18,50000000000,terasort,2018-01-05 08:50:38,1239.594,15536423.018867925,94.54347567030784,40.79300893743793
AWS,m4.large,2.4,4,2,8.59,51326786524,wordcount,2018-01-05 07:58:17,2902.673,7834550.021450021,95.82839982839982,55.94473616473616
AWS,c4.large,2.9,4,2,4.03,50000000000,terasort,2018-01-05 09:54:57,1907.336,3543872.451697128,91.93296997389034,49.633446475195825
AWS,c4.2xlarge,2.9,10,8,16.11,93800091161,join,2018-01-06 03:25:13,365.106,13550000.366621068,87.98147742818057,27.194610123119013
AWS,r4.2xlarge,2.3,8,8,65.5,50000000000,terasort,2018-01-04 20:18:06,453.970,17213016.782608695,27.37368206521739,31.520434782608696
AWS,m4.xlarge,2.4,8,4,17.18,2993511650,pagerank,2018-01-05 03:36:42,991.099,2817997.9648241205,17.1481783919598,70.89880025125628
AWS,c4.large,2.9,10,2,4.03,50000000000,terasort,2018-01-06 03:49:05,1147.554,3499321.505841627,90.7773128515794,30.906438771094763
AWS,m4.large,2.4,6,2,8.59,48060204216,lr,2018-01-06 13:54:20,7101.319,8003489.05758427,97.89475304307116,21.258624765917602
AWS,r4.xlarge,2.3,6,4,32.75,93794653223,join,2018-01-06 00:29:40,462.404,23916957.383512545,76.16879928315412,62.63559139784945
AWS,r4.2xlarge,2.3,8,8,65.5,93796077661,join,2018-01-04 20:32:31,363.783,25591316.09589041,40.6971404109589,36.845
AWS,r4.2xlarge,2.3,6,8,65.5,93799843802,join,2018-01-05 23:37:01,352.733,29501679.57746479,46.916596244131455,46.07737089201878
AWS,r4.xlarge,2.3,4,4,32.75,48060202400,lr,2018-01-05 18:05:58,2222.095,27492622.747520976,87.55633104500382,29.301536994660566
AWS,r4.large,2.3,6,2,16.37,6104217589,pagerank,2018-01-06 12:38:42,3953.812,3773347.605442177,24.09695918367347,68.10979455782314
AWS,r4.xlarge,2.3,8,4,32.75,2993511650,pagerank,2018-01-05 03:30:05,291.254,12058582.847457627,38.403072033898304,67.00872881355932
AWS,r4.large,2.3,6,2,16.37,51326749916,wordcount,2018-01-05 23:26:24,1768.283,9148797.035095928,58.42522227421619,58.89768834815162
AWS,r4.large,2.3,6,2,16.37,2993504008,pagerank,2018-01-06 03:15:43,2154.288,2903787.989197531,18.543888888888887,67.81334104938271
AWS,c4.2xlarge,2.9,6,8,16.11,2993552826,pagerank,2018-01-06 01:12:08,312.558,11671803.375661375,75.78621693121691,72.36701058201058
AWS,r4.large,2.3,8,2,16.37,93793622935,join,2018-01-05 03:52:28,657.118,14842402.958333334,94.78511363636363,66.83249053030303
AWS,r4.xlarge,2.3,4,4,32.75,6104143946,pagerank,2018-01-05 19:47:46,1155.448,20409185.605341244,64.99742581602374,78.662381305638
AWS,c4.large,2.9,8,2,4.03,24060202400,lr,2018-01-04 08:48:29,2573.909,3752292.1328162868,97.33970673776055,21.29603974793989
AWS,r4.large,2.3,4,2,16.37,93795732950,join,2018-01-05 11:25:05,1142.904,15341026.68558952,97.96943231441048,68.59604803493451
AWS,c4.2xlarge,2.9,6,8,16.11,6104100736,pagerank,2018-01-06 04:29:03,1081.062,4950582.860640301,32.144656308851225,69.01957156308852
AWS,r4.large,2.3,6,2,16.37,50000000000,terasort,2018-01-06 01:21:51,1761.128,13765328.742345737,87.90679227508242,40.25637305699482
AWS,c4.xlarge,2.9,8,4,8.05,93799252261,join,2018-01-04 06:22:18,357.729,7127467.25,93.05401041666667,57.26824652777777
AWS,c4.large,2.9,8,2,4.03,6104143946,pagerank,2018-01-04 21:49:44,2758.024,2892565.445100354,75.03717680047227,67.68126328217237
AWS,m4.large,2.4,4,2,8.59,24060201200,lr,2018-01-05 14:48:41,5123.189,8007998.263157895,97.94987329434699,21.713808479532165
AWS,m4.xlarge,2.4,4,4,17.18,93793622935,join,2018-01-05 09:15:56,597.165,15973128.025,97.20102083333335,71.57877083333332
AWS,r4.xlarge,2.3,4,4,32.75,24060202400,lr,2018-01-05 10:38:27,1039.560,21498544.019138757,68.46688995215311,28.221626794258373
AWS,r4.2xlarge,2.3,8,8,65.5,2993413257,pagerank,2018-01-04 20:52:17,677.297,3823739.154411765,6.0809283088235295,65.45194852941177
AWS,m4.xlarge,2.4,8,4,17.18,50000000000,terasort,2018-01-05 02:35:18,904.954,13853940.182685753,84.30494887525562,26.850327198364013
AWS,c4.large,2.9,4,2,4.03,2993564169,pagerank,2018-01-05 12:12:16,2586.856,3099484.6165703274,80.40488439306358,68.91491329479769
AWS,r4.2xlarge,2.3,10,8,65.5,6104130678,pagerank,2018-01-06 06:38:50,855.242,4359113.754455445,6.9321914191419145,66.14643234323432
AWS,m4.large,2.4,6,2,8.59,6104217589,pagerank,2018-01-06 11:50:15,3985.015,3802651.4990491713,46.51212849769085,68.22254278728606
AWS,c4.2xlarge,2.9,10,8,16.11,51326874471,wordcount,2018-01-06 02:41:52,289.761,7304756.27953411,47.430665557404325,52.08287853577371
AWS,c4.large,2.9,10,2,4.03,2993466603,pagerank,2018-01-06 04:57:04,1234.447,2215571.8258064515,57.47505645161291,69.32689516129032
AWS,m4.xlarge,2.4,10,4,17.18,93795477368,join,2018-01-06 03:45:14,352.511,14156356.18028169,86.14547887323944,54.77291549295775
AWS,r4.large,2.3,10,2,16.37,48060203000,lr,2018-01-06 11:52:52,2222.539,12749734.174631268,81.42114896755163,25.003750737463125
AWS,r4.xlarge,2.3,4,4,32.75,6104143946,pagerank,2018-01-05 17:24:33,2930.662,5703463.610132159,18.16395925110132,71.61261839207049
AWS,m4.xlarge,2.4,4,4,17.18,2993473154,pagerank,2018-01-05 11:33:58,663.231,13061968.865671642,79.48559701492537,81.60214552238806
AWS,r4.2xlarge,2.3,4,8,65.5,51326950795,wordcount,2018-01-05 07:17:36,593.877,15632658.649895178,24.860482180293502,65.62540880503144
AWS,c4.xlarge,2.9,4,4,8.05,24060202400,lr,2018-01-05 10:51:07,3146.266,7496004.9,97.86531349206349,16.49482936507936
AWS,m4.2xlarge,2.4,6,8,34.36,6104100736,pagerank,2018-01-06 05:27:39,572.706,19745601.516966067,59.92938123752496,68.01725548902195
AWS,m4.xlarge,2.4,4,4,17.18,2993473154,pagerank,2018-01-05 10:13:43,1568.445,4126613.1047619046,25.111658730158734,72.68688095238096
AWS,m4.2xlarge,2.4,10,8,34.36,2993405732,pagerank,2018-01-06 04:36:18,209.852,10558088.697674418,32.04439534883721,44.14944186046511
AWS,m4.large,2.4,8,2,8.59,51326796087,wordcount,2018-01-05 01:59:11,1420.798,7189704.311461068,87.94090113735783,56.185551181102355
AWS,r4.large,2.3,10,2,16.37,6104010447,pagerank,2018-01-06 14:09:39,884.527,9132987.588300629,58.32420955201777,71.32516845612736
AWS,m4.xlarge,2.4,10,4,17.18,2993586581,pagerank,2018-01-06 05:12:16,264.483,7943705.296296297,48.33933333333333,65.39651851851852
AWS,m4.xlarge,2.4,4,4,17.18,6104143946,pagerank,2018-01-05 18:56:14,2905.172,5662525.936525612,34.458065144766145,72.52241926503342
AWS,m4.2xlarge,2.4,4,8,34.36,6104074583,pagerank,2018-01-05 14:09:13,1580.979,6673916.661417323,20.255812007874017,73.90946358267715
AWS,r4.large,2.3,6,2,16.37,6104217589,pagerank,2018-01-06 16:20:57,1572.344,11132957.153113553,71.09633333333333,76.9475641025641
AWS,m4.large,2.4,8,2,8.59,24060202400,lr,2018-01-05 05:25:07,1291.624,7679720.871153846,93.93458173076922,26.57572596153846
AWS,r4.large,2.3,6,2,16.37,24060204216,lr,2018-01-06 03:43:09,1402.764,12927312.113475177,82.5551182033097,35.45058510638298
AWS,r4.2xlarge,2.3,6,8,65.5,6104100736,pagerank,2018-01-06 04:53:10,397.262,25524908.860215053,40.59184139784946,66.8269623655914
AWS,r4.xlarge,2.3,6,4,32.75,2993420596,pagerank,2018-01-06 01:12:03,1163.937,3542479.98005698,11.281773504273504,71.63886752136752
AWS,r4.xlarge,2.3,8,4,32.75,48060214464,lr,2018-01-05 08:08:08,2171.949,18748383.91816817,59.70834459459459,13.639331831831832
AWS,c4.xlarge,2.9,4,4,8.05,51326800591,wordcount,2018-01-05 07:16:31,962.304,7411367.46803069,96.76024296675193,66.8343989769821
AWS,c4.xlarge,2.9,10,4,8.05,6103958074,pagerank,2018-01-06 08:15:51,1260.057,3221507.347783251,42.05892610837438,68.7157315270936
AWS,r4.xlarge,2.3,6,4,32.75,48060213264,lr,2018-01-06 07:37:25,2215.299,23652369.012683917,75.32627600202945,19.66288939624556
AWS,c4.large,2.9,8,2,4.03,2993473154,pagerank,2018-01-04 08:01:46,1459.030,2487858.0750853242,64.53857935153583,68.60845563139931
AWS,r4.2xlarge,2.3,10,8,65.5,24060212000,lr,2018-01-06 04:14:10,2144.617,16633283.498604652,26.451655813953487,3.0962767441860466
AWS,c4.2xlarge,2.9,4,8,16.11,6104074583,pagerank,2018-01-05 15:56:00,1371.891,6522306.042553191,42.350016797312435,72.51098544232923
AWS,r4.xlarge,2.3,10,4,32.75,6103958074,pagerank,2018-01-06 09:24:56,465.759,13767142.878911564,43.84448299319728,68.81642176870749
AWS,c4.xlarge,2.9,6,4,8.05,2993420596,pagerank,2018-01-06 02:13:35,592.763,6836539.910364145,89.25549019607843,84.3970588235294
AWS,m4.large,2.4,6,2,8.59,51326756925,wordcount,2018-01-05 23:19:12,1827.741,7786610.856624319,95.24193284936479,58.12444646098004
AWS,c4.xlarge,2.9,10,4,8.05,48060206000,lr,2018-01-06 09:33:40,4427.794,7450329.07171648,97.26900905011789,10.095459730778007
AWS,m4.xlarge,2.4,6,4,17.18,24060213264,lr,2018-01-06 01:33:29,1144.395,14840945.915942028,90.31089855072464,18.666224637681157
AWS,r4.large,2.3,8,2,16.37,2993473154,pagerank,2018-01-05 06:12:16,531.981,8080480.25,51.602916666666665,75.17134259259261
AWS,r4.large,2.3,4,2,16.37,51326782436,wordcount,2018-01-05 07:50:03,2327.767,13197514.281433921,84.2806153023007,62.99007490636704
AWS,r4.2xlarge,2.3,4,8,65.5,93799252261,join,2018-01-05 07:59:50,357.341,39867182.84507042,63.40073943661971,65.37820422535212
AWS,m4.xlarge,2.4,8,4,17.18,51326844464,wordcount,2018-01-05 01:46:58,583.409,7918990.911734164,48.189221183800626,64.1807268951194
AWS,c4.2xlarge,2.9,4,8,16.11,2993511650,pagerank,2018-01-05 10:21:11,488.654,13049450.295918368,84.73119897959185,81.07469387755101
AWS,r4.2xlarge,2.3,6,8,65.5,24060216864,lr,2018-01-06 00:29:26,1351.237,20354224.851168513,32.3690159901599,8.093929889298893
AWS,c4.xlarge,2.9,10,4,8.05,2993586581,pagerank,2018-01-06 03:59:19,755.755,2496420.3736842107,32.59241447368421,67.54656578947369
AWS,r4.xlarge,2.3,8,4,32.75,2993511650,pagerank,2018-01-05 02:52:40,1018.769,3036874.5219512195,9.671573170731707,68.60817073170732
AWS,m4.2xlarge,2.4,6,8,34.36,48060216864,lr,2018-01-06 04:45:29,2401.499,24860250.088147197,75.45250748823278,9.072214377406931
AWS,m4.large,2.4,8,2,8.59,6104143946,pagerank,2018-01-05 12:31:24,3056.504,3210445.674736842,39.2686447368421,69.55866842105262
AWS,r4.xlarge,2.3,4,4,32.75,50000000000,terasort,2018-01-05 08:53:10,1179.505,24682247.092827003,78.60606540084389,44.074651898734174
AWS,c4.2xlarge,2.9,10,8,16.11,2993405732,pagerank,2018-01-06 03:44:59,610.013,2811348.6894308943,18.254447154471546,57.33656097560976
AWS,m4.2xlarge,2.4,8,8,34.36,50000000000,terasort,2018-01-05 02:19:23,816.502,16689862.259146342,50.65487042682927,15.90467225609756
AWS,r4.large,2.3,6,2,16.37,93795392259,join,2018-01-06 01:55:53,794.892,15342697.061650993,97.98015673981192,69.67988505747125
AWS,c4.2xlarge,2.9,4,8,16.11,50000000000,terasort,2018-01-05 08:04:08,1328.766,14117284.890942698,91.66512939001848,14.477162661737523
AWS,c4.large,2.9,6,2,4.03,24060204216,lr,2018-01-06 03:34:57,3584.975,3758038.3504293337,97.48872128103967,22.14567881178928
AWS,m4.xlarge,2.4,6,4,17.18,50000000000,terasort,2018-01-06 00:08:28,975.532,14723588.08828523,89.59692699490662,33.66926994906621
AWS,c4.large,2.9,6,2,4.03,48060204216,lr,2018-01-06 14:01:50,6926.933,3762352.7641054047,97.60060299121626,21.780345809923244
AWS,m4.2xlarge,2.4,10,8,34.36,93800091161,join,2018-01-06 03:21:33,374.116,19112908.016,58.00922666666666,30.418333333333333
AWS,r4.large,2.3,4,2,16.37,2993564169,pagerank,2018-01-05 15:45:53,943.150,10073344.178947369,64.32951315789474,75.6738157894737
AWS,m4.2xlarge,2.4,10,8,34.36,51326854853,wordcount,2018-01-06 02:52:08,360.580,7298612.964577656,22.151852861035422,48.984850136239785
AWS,c4.large,2.9,6,2,4.03,6104217589,pagerank,2018-01-06 12:01:14,3364.845,3080878.382680675,79.92223814071951,68.94973097739573
AWS,m4.xlarge,2.4,8,4,17.18,2993511650,pagerank,2018-01-05 04:32:08,327.089,9140292.780303031,55.62104166666666,70.68708333333333
AWS,r4.large,2.3,10,2,16.37,93793714092,join,2018-01-06 04:33:28,533.062,13632236.388785047,87.05668224299065,66.62130841121495
AWS,c4.2xlarge,2.9,6,8,16.11,2993552826,pagerank,2018-01-06 00:10:07,679.118,3742533.2156862747,24.300735294117647,68.5199387254902
AWS,m4.large,2.4,6,2,8.59,2993504008,pagerank,2018-01-06 03:06:28,2133.307,2891450.34423676,35.3667445482866,68.5745054517134
AWS,m4.2xlarge,2.4,6,8,34.36,6104100736,pagerank,2018-01-06 04:01:30,1226.221,5051808.665036675,15.332502037489816,68.3381988590057
AWS,r4.xlarge,2.3,10,4,32.75,24060206000,lr,2018-01-06 04:25:44,1457.946,11379640.423287671,36.240986301369865,7.886948630136986
AWS,c4.2xlarge,2.9,4,8,16.11,2993511650,pagerank,2018-01-05 08:50:23,847.882,4690213.4529411765,30.453985294117647,71.03117647058824
AWS,m4.xlarge,2.4,6,4,17.18,2993420596,pagerank,2018-01-06 01:10:49,1145.133,3257013.3217391307,19.819782608695654,72.67399275362318
AWS,c4.xlarge,2.9,10,4,8.05,93795477368,join,2018-01-06 03:32:06,307.863,7211827.187096775,94.15520967741935,53.31167741935484
AWS,r4.large,2.3,4,2,16.37,24060201200,lr,2018-01-05 14:02:44,2382.515,14767335.715481171,94.30574267782427,34.146213389121336
AWS,c4.2xlarge,2.9,6,8,16.11,50000000000,terasort,2018-01-05 23:31:37,674.254,14249095.76988984,92.52091799265605,21.049485924112606
AWS,m4.large,2.4,6,2,8.59,50000000000,terasort,2018-01-06 01:14:44,1865.547,7540511.382443759,92.23176444640492,37.42497573886193
AWS,r4.large,2.3,8,2,16.37,6104143946,pagerank,2018-01-05 12:29:29,3087.744,3245967.0992685477,20.729066091954024,68.77077847439918
AWS,c4.large,2.9,10,2,4.03,51326796542,wordcount,2018-01-06 02:47:51,791.232,3693731.665,95.82058124999999,64.8771
AWS,r4.2xlarge,2.3,10,8,65.5,51326707337,wordcount,2018-01-06 02:52:24,276.373,7856689.13884007,12.49421792618629,62.88764499121265
AWS,m4.large,2.4,4,2,8.59,2993564169,pagerank,2018-01-05 16:56:02,1399.018,7160536.135231317,87.58403914590747,76.31755338078291
AWS,c4.xlarge,2.9,4,4,8.05,93793622935,join,2018-01-05 09:02:33,541.716,7210011.541284404,94.13149082568808,66.04050458715597
AWS,r4.2xlarge,2.3,10,8,65.5,2993405732,pagerank,2018-01-06 04:25:05,181.227,15763046.92972973,25.067783783783785,47.589108108108114
AWS,r4.xlarge,2.3,4,4,32.75,2993473154,pagerank,2018-01-05 10:17:43,1594.439,4203227.55,13.386000000000001,71.7874609375
AWS,r4.large,2.3,8,2,16.37,51326801291,wordcount,2018-01-05 01:54:54,1428.984,7175864.994773519,45.82580574912892,56.01634581881533
AWS,c4.2xlarge,2.9,8,8,16.11,2993413257,pagerank,2018-01-04 07:36:19,231.164,10666389.861702127,69.25795212765956,65.65736702127658
AWS,m4.2xlarge,2.4,8,8,34.36,2993413257,pagerank,2018-01-05 03:02:37,675.852,3517953.5735294116,10.677270220588236,65.57761948529412
AWS,r4.large,2.3,8,2,16.37,48060202400,lr,2018-01-05 13:18:50,2667.360,13678382.313403416,87.35158508541392,26.921343626806834
AWS,r4.2xlarge,2.3,8,8,65.5,6103970360,pagerank,2018-01-04 23:54:50,1068.186,4840547.622507122,7.697898860398859,66.35570868945868
AWS,m4.xlarge,2.4,8,4,17.18,93799252261,join,2018-01-05 03:00:59,436.412,15227934.005747126,92.66612068965517,53.92159482758622
AWS,c4.2xlarge,2.9,10,8,16.11,50000000000,terasort,2018-01-06 03:08:20,581.680,12722897.401360543,82.61104591836734,17.083528911564624
AWS,c4.xlarge,2.9,10,4,8.05,24060206000,lr,2018-01-06 04:38:47,2128.452,7364749.60224877,96.15165378308738,8.31877957367065
AWS,c4.2xlarge,2.9,8,8,16.11,48060238592,lr,2018-01-15 09:09:42,3948.893,15036564.126275202,97.6339448951723,6.519945377138726
AWS,m4.xlarge,2.4,10,4,17.18,6103958074,pagerank,2018-01-06 09:59:57,513.868,10362150.26918239,63.05640251572326,72.61575471698113
AWS,c4.2xlarge,2.9,10,8,16.11,48060212000,lr,2018-01-06 07:54:07,4142.607,14100343.799621332,91.55502761123381,3.758023035657936
AWS,m4.large,2.4,10,2,8.59,6104010447,pagerank,2018-01-06 15:49:18,1154.027,6784414.653658536,82.98353963414634,75.88933231707317
AWS,r4.xlarge,2.3,10,4,32.75,2993586581,pagerank,2018-01-06 04:39:30,257.669,11053967.669230768,35.20384615384615,63.86794230769231
AWS,c4.xlarge,2.9,6,4,8.05,6103996178,pagerank,2018-01-06 06:48:13,1814.003,4482508.508215962,58.52209800469483,71.3143251173709
AWS,c4.xlarge,2.9,10,4,8.05,51326845842,wordcount,2018-01-06 02:42:52,464.002,6715842.380952381,87.67967908902692,56.671262939958595
AWS,r4.xlarge,2.3,8,4,32.75,50000000000,terasort,2018-01-05 01:58:41,768.770,14545505.397901533,46.32340597255851,34.23744955609362
AWS,c4.2xlarge,2.9,4,8,16.11,51326821716,wordcount,2018-01-05 07:08:04,499.424,14748835.25925926,95.76550617283951,66.57654320987655
AWS,r4.xlarge,2.3,4,4,32.75,2993473154,pagerank,2018-01-05 11:32:05,517.417,16089145.778846154,51.23927884615385,76.43490384615384
AWS,c4.xlarge,2.9,10,4,8.05,50000000000,terasort,2018-01-06 03:15:58,539.315,6838913.716376944,89.28660567246112,35.5037053979872
AWS,m4.large,2.4,6,2,8.59,6104217589,pagerank,2018-01-06 16:40:11,2388.540,7351624.778280543,89.92138009049773,79.922267471091
AWS,r4.large,2.3,8,2,16.37,24060202400,lr,2018-01-05 05:16:50,1116.602,10687013.02,68.24844444444444,28.424961111111113
AWS,r4.2xlarge,2.3,4,8,65.5,48060214464,lr,2018-01-05 13:56:08,2219.695,36767393.34117647,58.47074632352941,14.467812499999999
AWS,m4.large,2.4,8,2,8.59,2993473154,pagerank,2018-01-05 06:22:56,663.590,6401548.481343283,78.30076492537313,75.79110074626865
AWS,c4.large,2.9,8,2,4.03,50000000000,terasort,2018-01-04 06:42:15,1736.179,3537986.9324758844,91.78024651661308,25.15574848160057
AWS,c4.xlarge,2.9,6,4,8.05,51326787650,wordcount,2018-01-05 22:59:16,660.110,7396685.391304348,96.56875776397516,65.49770186335402
AWS,m4.2xlarge,2.4,6,8,34.36,51326884979,wordcount,2018-01-05 22:59:47,415.860,11001490.935420744,33.39037181996087,63.19884540117416
AWS,c4.large,2.9,10,2,4.03,6104010447,pagerank,2018-01-06 11:56:51,2232.344,2716931.750932568,70.48104447632711,68.73840889526542
AWS,c4.xlarge,2.9,8,4,8.05,48060214464,lr,2018-01-04 20:43:22,3523.477,7477384.181776133,97.62221554116557,15.509577937095283
AWS,c4.xlarge,2.9,6,4,8.05,48060213264,lr,2018-01-06 08:16:20,5040.627,7487744.435897436,97.75742501209483,16.748598209966136
AWS,c4.2xlarge,2.9,6,8,16.11,24060216864,lr,2018-01-06 00:42:03,1723.064,14900680.69178744,96.75169082125603,7.7992173913043485
AWS,m4.xlarge,2.4,4,4,17.18,24060202400,lr,2018-01-05 10:37:09,1181.026,15688943.189873418,95.47128691983123,28.291708860759496
AWS,c4.2xlarge,2.9,8,8,16.11,50000000000,terasort,2018-01-04 06:07:34,776.386,13421250.022151899,87.14556962025317,13.560941455696202
AWS,m4.2xlarge,2.4,10,8,34.36,2993405732,pagerank,2018-01-06 03:43:45,667.444,3209931.862686567,9.74239552238806,61.10000746268658
AWS,r4.xlarge,2.3,10,4,32.75,48060206000,lr,2018-01-06 08:40:37,2281.488,15720630.9424,50.06581066666667,9.714267999999999
AWS,m4.xlarge,2.4,6,4,17.18,93794653223,join,2018-01-06 00:28:54,448.758,15892947.948148148,96.71292592592593,64.20077777777777
AWS,r4.large,2.3,6,2,16.37,48060204216,lr,2018-01-06 13:49:55,3936.386,14680349.679104477,93.75023009950249,28.64243936567164
AWS,m4.2xlarge,2.4,8,8,34.36,24060238592,lr,2018-01-05 03:33:13,1624.248,15347525.225460123,46.580843558282204,4.61097009202454
AWS,m4.2xlarge,2.4,4,8,34.36,24060214464,lr,2018-01-05 09:23:59,1221.812,24361342.110204082,73.9384387755102,13.742102040816327
AWS,m4.2xlarge,2.4,4,8,34.36,50000000000,terasort,2018-01-05 08:08:06,870.301,27431921.805714287,83.25782857142856,28.227028571428573
AWS,m4.2xlarge,2.4,6,8,34.36,2993552826,pagerank,2018-01-06 00:14:26,803.879,3911949.87654321,11.873055555555554,65.59199588477367
AWS,m4.large,2.4,8,2,8.59,2993473154,pagerank,2018-01-05 04:59:20,1672.904,2456208.7053571427,30.043307291666668,69.49412574404762
AWS,c4.2xlarge,2.9,4,8,16.11,93799252261,join,2018-01-05 08:19:57,325.403,14697937.384615384,95.43523076923076,61.941346153846155
AWS,c4.2xlarge,2.9,10,8,16.11,24060212000,lr,2018-01-06 04:24:50,2182.955,12464791.73016236,80.93521609878802,2.721447518865767
AWS,c4.2xlarge,2.9,8,8,16.11,51326844489,wordcount,2018-01-04 05:30:51,322.958,8655850.671755726,56.203530534351145,54.877786259541985
AWS,m4.xlarge,2.4,6,4,17.18,2993420596,pagerank,2018-01-06 02:10:41,377.062,10280279.298245614,62.557872807017546,77.539100877193
AWS,c4.xlarge,2.9,4,4,8.05,50000000000,terasort,2018-01-05 08:38:50,1345.666,7136699.306273063,93.17441881918819,31.33693726937269
AWS,m4.large,2.4,4,2,8.59,93795732950,join,2018-01-05 11:27:16,1130.679,7870940.911894273,96.27353524229075,70.00895374449338
AWS,c4.large,2.9,4,2,4.03,51326753209,wordcount,2018-01-05 07:38:24,2235.264,3674077.7502787067,95.31066332218505,61.47651059085842
AWS,m4.large,2.4,10,2,8.59,24060203000,lr,2018-01-06 05:54:21,1427.642,7237612.437630662,88.52684668989548,20.508522648083623
AWS,m4.xlarge,2.4,4,4,17.18,51326777576,wordcount,2018-01-05 07:26:41,1051.902,14222248.18757327,86.54627198124267,69.76240328253225
AWS,r4.2xlarge,2.3,4,8,65.5,2993511650,pagerank,2018-01-05 09:12:38,283.751,24052003.120689657,38.249525862068964,68.45887931034483
AWS,r4.xlarge,2.3,10,4,32.75,2993586581,pagerank,2018-01-06 03:57:53,866.099,2747284.388505747,8.749264367816092,67.69677011494252
AWS,c4.xlarge,2.9,8,4,8.05,2993511650,pagerank,2018-01-04 06:53:27,869.649,3061914.4285714286,39.97537857142857,69.20682857142857
AWS,r4.2xlarge,2.3,4,8,65.5,6104074583,pagerank,2018-01-05 14:50:30,604.455,30853124.839779004,49.06522099447514,73.5717679558011
AWS,m4.xlarge,2.4,4,4,17.18,48060202400,lr,2018-01-05 20:31:39,5435.784,16134885.801659126,98.18506221719458,21.23260746606335
AWS,m4.large,2.4,8,2,8.59,93793622935,join,2018-01-05 03:57:34,734.657,7864699.069767442,96.1970099667774,56.49320598006645
AWS,m4.xlarge,2.4,6,4,17.18,6103996178,pagerank,2018-01-06 06:57:45,2064.195,4577248.4186046515,27.853780361757106,71.47923255813954
AWS,c4.xlarge,2.9,8,4,8.05,2993511650,pagerank,2018-01-04 08:08:50,473.160,6560073.305263158,85.64614473684209,75.11352631578947
AWS,c4.large,2.9,10,2,4.03,93793714092,join,2018-01-06 04:12:27,474.375,3631839.023983316,94.2148905109489,61.805078206465076
AWS,c4.large,2.9,6,2,4.03,2993504008,pagerank,2018-01-06 02:31:08,1856.255,2820778.5143369175,73.17491487455199,68.10134856630825
AWS,r4.large,2.3,10,2,16.37,50000000000,terasort,2018-01-06 04:10:13,899.261,10784913.29723757,68.87360220994475,50.82128729281768
AWS,m4.2xlarge,2.4,4,8,34.36,6104074583,pagerank,2018-01-05 15:54:28,868.688,24199176.00823045,73.44602880658437,77.89819958847737
AWS,r4.xlarge,2.3,6,4,32.75,6103996178,pagerank,2018-01-06 08:45:04,710.547,17643229.619482495,56.188782343987825,77.91232876712328
AWS,c4.2xlarge,2.9,8,8,16.11,6103970360,pagerank,2018-01-04 16:48:49,1007.971,4191506.3642023345,27.215941634241247,63.117217898832685
AWS,m4.2xlarge,2.4,6,8,34.36,2993552826,pagerank,2018-01-06 01:05:02,250.170,14759235.124183007,44.79555555555556,61.73173202614379
AWS,r4.large,2.3,4,2,16.37,50000000000,terasort,2018-01-05 10:37:56,2131.256,14757458.164431486,94.2427055393586,50.28225072886297
AWS,r4.large,2.3,4,2,16.37,6104163694,pagerank,2018-01-06 02:34:07,5487.277,4858143.754437869,31.024637573964494,69.15171301775148
AWS,m4.2xlarge,2.4,6,8,34.36,93799843802,join,2018-01-05 23:47:07,323.602,25615432.184615385,77.74443589743589,49.55658974358974
AWS,m4.2xlarge,2.4,8,8,34.36,93796077661,join,2018-01-05 02:39:35,359.104,20463542.284722224,62.10838541666666,37.485920138888886
AWS,c4.large,2.9,6,2,4.03,93795392259,join,2018-01-06 01:22:45,703.762,3665914.2944640755,95.09905771495878,66.51762073027092
AWS,r4.xlarge,2.3,6,4,32.75,6103996178,pagerank,2018-01-06 06:56:34,2041.963,4688629.697722567,14.931956521739131,71.91543219461697
AWS,c4.xlarge,2.9,8,4,8.05,51326870471,wordcount,2018-01-04 05:26:14,574.802,7201130.122186495,94.0152733118971,57.85147909967846
AWS,m4.2xlarge,2.4,8,8,34.36,6103970360,pagerank,2018-01-05 07:31:21,368.902,16146559.421487603,49.00587809917356,63.4477479338843
AWS,r4.large,2.3,10,2,16.37,2993466603,pagerank,2018-01-06 05:25:06,1415.209,2302259.1366197183,14.702531690140846,69.89380985915493
AWS,m4.xlarge,2.4,10,4,17.18,6103958074,pagerank,2018-01-06 08:30:02,1356.371,3237772.4150776053,19.702702882483372,70.13840133037695
AWS,m4.2xlarge,2.4,10,8,34.36,6104130678,pagerank,2018-01-06 06:52:02,873.651,4031446.397167686,12.235632442870937,65.08294818152558
AWS,m4.xlarge,2.4,10,4,17.18,51326839137,wordcount,2018-01-06 02:51:35,550.583,6558330.66786034,39.90926589077887,55.930384959713514
AWS,r4.large,2.3,4,2,16.37,2993564169,pagerank,2018-01-05 13:18:20,2942.268,3534389.201694915,22.57100847457627,68.95290254237288
AWS,c4.xlarge,2.9,8,4,8.05,50000000000,terasort,2018-01-04 06:05:47,657.039,6982115.219330855,91.15628252788103,32.408596654275094
AWS,m4.large,2.4,4,2,8.59,6104163694,pagerank,2018-01-06 03:20:39,5460.354,4752554.815914489,58.130948634204266,69.55355255344418
AWS,r4.xlarge,2.3,10,4,32.75,6103958074,pagerank,2018-01-06 07:58:48,1403.846,3582142.60131291,11.40810284463895,69.5233544857768
AWS,r4.2xlarge,2.3,8,8,65.5,6103970360,pagerank,2018-01-05 00:55:15,324.863,22051596.58018868,35.0682429245283,60.575707547169806
AWS,r4.xlarge,2.3,8,4,32.75,24060214464,lr,2018-01-05 03:15:13,1143.501,12563498.389130434,40.011255434782605,12.454673913043477
AWS,r4.xlarge,2.3,10,4,32.75,50000000000,terasort,2018-01-06 03:11:23,433.134,11621359.315849487,37.010752565564424,52.908734321550746
AWS,m4.xlarge,2.4,6,4,17.18,51326731937,wordcount,2018-01-05 23:07:33,823.972,9916407.763289869,60.34401203610832,59.994353059177534
AWS,c4.large,2.9,6,2,4.03,50000000000,terasort,2018-01-06 00:54:13,1750.909,3579811.2113475176,92.8652671394799,34.75808037825059
AWS,m4.xlarge,2.4,6,4,17.18,6103996178,pagerank,2018-01-06 09:44:20,980.083,13052916.014598541,79.43041362530414,81.71234793187348
AWS,c4.large,2.9,10,2,4.03,24060203000,lr,2018-01-06 05:41:15,2409.620,3747018.661420584,97.20287223027542,18.31593704700766
AWS,m4.2xlarge,2.4,4,8,34.36,2993511650,pagerank,2018-01-05 09:00:10,947.323,4902812.652631579,14.880565789473684,73.72572368421054
AWS,r4.2xlarge,2.3,4,8,65.5,6104074583,pagerank,2018-01-05 13:15:28,1583.857,7086852.418581907,11.270166259168704,73.8477261613692
AWS,c4.large,2.9,8,2,4.03,48060202400,lr,2018-01-04 23:21:54,5310.193,3758675.1104779993,97.50526828110162,21.28139759417537
AWS,r4.large,2.3,10,2,16.37,51326790807,wordcount,2018-01-06 03:02:04,964.462,6115785.972265023,39.05604006163328,61.7851001540832
AWS,c4.2xlarge,2.9,10,8,16.11,2993405732,pagerank,2018-01-06 04:47:03,191.263,9223751.917948717,59.890743589743586,59.407179487179484
AWS,c4.xlarge,2.9,4,4,8.05,2993473154,pagerank,2018-01-05 09:55:00,1389.809,4084516.204301075,53.326048387096776,71.80986559139785
AWS,r4.xlarge,2.3,4,4,32.75,93793622935,join,2018-01-05 09:18:37,586.755,29906391.22033898,95.24347457627118,72.6057627118644
AWS,m4.2xlarge,2.4,6,8,34.36,50000000000,terasort,2018-01-05 23:32:44,535.247,21305129.172839507,64.66228395061728,32.42976851851852
AWS,m4.large,2.4,8,2,8.59,50000000000,terasort,2018-01-05 03:26:41,1438.546,7549649.411663067,92.34363282937365,35.72895896328294
AWS,c4.large,2.9,8,2,4.03,51326765406,wordcount,2018-01-04 05:20:53,1131.335,3652244.2006543074,94.74424754634678,59.32682115594329
AWS,r4.2xlarge,2.3,8,8,65.5,2993413257,pagerank,2018-01-04 21:32:15,189.380,17519340.64102564,27.86051282051282,53.364038461538456
AWS,r4.2xlarge,2.3,6,8,65.5,51326788348,wordcount,2018-01-05 23:05:43,447.708,11273065.68382353,17.92724264705882,58.32803308823529
AWS,c4.2xlarge,2.9,6,8,16.11,48060216864,lr,2018-01-06 05:40:09,4041.769,15093920.3001443,98.00639249639251,9.10186002886003
AWS,c4.xlarge,2.9,8,4,8.05,24060214464,lr,2018-01-04 07:27:57,1865.456,7454694.953208556,97.32598930481284,12.623736631016044
AWS,m4.2xlarge,2.4,10,8,34.36,50000000000,terasort,2018-01-06 03:06:37,447.409,14159193.230088495,42.97409292035398,27.713396017699118
AWS,m4.large,2.4,10,2,8.59,48060203000,lr,2018-01-06 13:26:49,3802.788,7771205.2422857145,95.05349047619046,20.033798095238097
AWS,r4.xlarge,2.3,10,4,32.75,93795477368,join,2018-01-06 03:27:19,331.815,17492775.163636364,55.70945454545454,59.57345454545454
AWS,c4.2xlarge,2.9,8,8,16.11,2993413257,pagerank,2018-01-04 06:41:35,588.675,3421816.4904862577,22.21835095137421,66.06134249471458
