platform,VM_instance,CPU_freq,n_vCPU,mem_size_GB,datasize,input_size_bytes,algorithm,arrival_time,runtime_sec,avg_kbmemused,avg_%memused,avg_%usr
AWS,m3.large,2.6,2,7.516179999999999,large,1881786739,bayes,2025-04-22T00:00:00.000Z,943.959,7231516.571428572,94.41227513227513,82.91613756613755
AWS,c4.2xlarge,2.9,8,16.106099999999998,large,3820993928,join,2025-04-22T00:00:00.000Z,82.356,10396992.25,67.50875,56.307500000000005
AWS,c4.2xlarge,2.9,8,16.106099999999998,medium,6569839699,sort,2025-04-22T00:00:00.000Z,153.245,14125763.096774194,91.72096774193548,26.123870967741933
AWS,r4.xlarge,2.3,4,32.749069999999996,medium,743933057,aggregation,2025-04-22T00:00:00.000Z,127.076,15492391.25925926,49.33814814814815,76.04851851851852
AWS,r4.xlarge,2.3,4,32.749069999999996,large,743932893,aggregation,2025-04-22T00:00:00.000Z,127.46,15093815.851851853,48.069629629629624,75.86814814814815
AWS,m3.large,2.6,2,7.516179999999999,small,743933336,aggregation,2025-04-22T00:00:00.000Z,236.609,7289712.081632653,95.17183673469388,85.38653061224491
AWS,m4.2xlarge,2.4,8,34.35968,small,0,scan,2025-04-22T00:00:00.000Z,31.171,4976315.0,15.103749999999998,18.494999999999997
AWS,m3.xlarge,2.6,4,16.106099999999998,large,13139687400,wordcount,2025-04-22T00:00:00.000Z,405.994,14904276.930232558,96.77488372093022,24.845465116279076
AWS,c4.2xlarge,2.9,8,16.106099999999998,small,743933363,aggregation,2025-04-22T00:00:00.000Z,88.186,12423365.89473684,80.66631578947367,52.695263157894736
AWS,m4.2xlarge,2.4,8,34.35968,small,3777029616,join,2025-04-22T00:00:00.000Z,90.355,14271169.777777778,43.315000000000005,54.80333333333333
AWS,r4.xlarge,2.3,4,32.749069999999996,medium,259947887,pagerank,2025-04-22T01:00:00.000Z,356.615,12015269.552238803,38.26507462686568,36.24417910447762
AWS,m3.2xlarge,2.6,8,32.212199999999996,large,1612040600,lr,2025-04-22T01:00:00.000Z,179.187,13231447.243243244,42.84324324324324,25.525405405405404
AWS,r3.2xlarge,2.5,8,65.49813999999999,large,1881786739,bayes,2025-04-22T01:00:00.000Z,250.849,16352372.163265308,25.990408163265304,29.906734693877553
AWS,c4.xlarge,2.9,4,8.053049999999999,medium,6400000000,terasort,2025-04-22T01:00:00.000Z,282.988,7446523.087719298,97.21877192982456,51.86070175438597
AWS,m4.2xlarge,2.4,8,34.35968,large,3777029616,join,2025-04-22T01:00:00.000Z,292.361,15788956.07142857,47.92053571428572,15.88642857142857
AWS,m4.large,2.4,2,8.58992,large,13139647834,wordcount,2025-04-22T01:00:00.000Z,405.303,7984106.634146341,97.6570731707317,62.82365853658536
AWS,m3.large,2.6,2,7.516179999999999,large,1881786739,bayes,2025-04-22T01:00:00.000Z,943.959,7231516.571428572,94.41227513227513,82.91613756613755
AWS,c3.2xlarge,2.8,8,16.106099999999998,large,743933057,aggregation,2025-04-22T01:00:00.000Z,101.754,11458987.090909092,74.40545454545456,52.91409090909091
AWS,r4.2xlarge,2.3,8,65.49813999999999,small,3284945172,sort,2025-04-22T01:00:00.000Z,52.945,15665824.363636363,24.91272727272727,48.98909090909091
AWS,c4.large,2.9,2,4.0265249999999995,large,3820993928,join,2025-04-22T01:00:00.000Z,185.676,3492839.6756756757,90.60972972972972,80.2310810810811
AWS,m3.2xlarge,2.6,8,32.212199999999996,large,1881786739,bayes,2025-04-22T01:00:00.000Z,115.272,15143905.666666666,49.03458333333333,65.36625
AWS,r3.large,2.5,2,16.106099999999998,medium,743932928,aggregation,2025-04-22T01:00:00.000Z,221.817,10770444.173913045,68.7504347826087,88.20304347826088
AWS,m4.xlarge,2.4,4,17.17984,large,9600000000,terasort,2025-04-22T01:00:00.000Z,614.255,14932702.677419355,90.86919354838707,39.15959677419355
AWS,r3.large,2.5,2,16.106099999999998,large,1881786739,bayes,2025-04-22T02:00:00.000Z,343.428,10178795.257142857,64.97342857142857,86.58028571428574
AWS,r3.large,2.5,2,16.106099999999998,small,743933336,aggregation,2025-04-22T02:00:00.000Z,228.78,10395669.083333334,66.3575,87.00645833333333
AWS,r4.2xlarge,2.3,8,65.49813999999999,large,4019032802,scan,2025-04-22T02:00:00.000Z,102.134,22042595.818181816,35.05318181818181,56.95409090909091
AWS,r4.2xlarge,2.3,8,65.49813999999999,medium,3799320693,join,2025-04-22T02:00:00.000Z,102.636,20846309.0,33.15149999999999,52.48749999999999
AWS,r4.xlarge,2.3,4,32.749069999999996,medium,128134600,als,2025-04-22T02:00:00.000Z,118.084,12164052.833333334,38.73916666666667,62.798750000000005
AWS,c4.xlarge,2.9,4,8.053049999999999,medium,6569849487,sort,2025-04-22T02:00:00.000Z,206.975,6793190.095238095,88.69,34.21238095238094
AWS,r3.2xlarge,2.5,8,65.49813999999999,small,3284922539,wordcount,2025-04-22T02:00:00.000Z,245.379,15466612.0,24.582826086956526,8.532391304347826
AWS,c3.xlarge,2.8,4,7.516179999999999,small,3284922483,wordcount,2025-04-22T02:00:00.000Z,231.567,6483456.425531914,84.64553191489361,16.16404255319149
AWS,m4.xlarge,2.4,4,17.17984,large,3820993928,join,2025-04-22T02:00:00.000Z,123.557,12720270.4,77.4056,72.3892
AWS,r3.2xlarge,2.5,8,65.49813999999999,medium,6569827319,wordcount,2025-04-22T02:00:00.000Z,65.439,19874609.42857143,31.589285714285715,59.48500000000001
AWS,m4.xlarge,2.4,4,17.17984,medium,940817222,bayes,2025-04-22T02:00:00.000Z,170.853,8277421.142857143,50.37171428571428,45.12314285714286
AWS,m3.2xlarge,2.6,8,32.212199999999996,large,200168800,als,2025-04-22T02:00:00.000Z,168.23,16024982.181818182,51.88666666666666,40.73303030303031
AWS,m4.2xlarge,2.4,8,34.35968,medium,6400000000,terasort,2025-04-22T02:00:00.000Z,201.583,23205115.024390243,70.42853658536586,50.35780487804877
AWS,c3.2xlarge,2.8,8,16.106099999999998,large,13139641846,sort,2025-04-22T02:00:00.000Z,385.535,13899705.692307692,90.25294871794873,18.848076923076924
AWS,r3.xlarge,2.5,4,32.749069999999996,large,3200000000,terasort,2025-04-22T02:00:00.000Z,267.523,13720500.888888888,43.67370370370372,27.49611111111111
AWS,r4.xlarge,2.3,4,32.749069999999996,large,743933060,aggregation,2025-04-22T02:00:00.000Z,400.52,21725997.609756097,69.19158536585367,23.306829268292685
AWS,m4.2xlarge,2.4,8,34.35968,large,395478955,pagerank,2025-04-22T02:00:00.000Z,304.94,14706311.0,44.63442307692307,48.49596153846154
AWS,c3.xlarge,2.8,4,7.516179999999999,small,3284938548,sort,2025-04-22T02:00:00.000Z,133.639,6332350.285714285,82.67392857142859,36.77821428571429
AWS,m4.xlarge,2.4,4,17.17984,medium,259947887,pagerank,2025-04-22T02:00:00.000Z,372.307,9485071.76811594,57.7195652173913,38.20159420289855
AWS,m3.2xlarge,2.6,8,32.212199999999996,large,395478955,pagerank,2025-04-22T03:00:00.000Z,167.955,16611715.176470589,53.78823529411765,78.37617647058823
AWS,r4.large,2.3,2,16.374534999999998,large,9600000000,terasort,2025-04-22T03:00:00.000Z,683.251,15029210.20289855,95.97789855072465,66.78753623188406
AWS,r4.large,2.3,2,16.374534999999998,large,395478955,pagerank,2025-04-22T03:00:00.000Z,523.871,9089057.561904762,58.0432380952381,78.03076190476192
AWS,r4.2xlarge,2.3,8,65.49813999999999,small,375779530,bayes,2025-04-22T03:00:00.000Z,166.353,8505036.0,13.526,16.516666666666666
AWS,c3.2xlarge,2.8,8,16.106099999999998,medium,743932973,aggregation,2025-04-22T03:00:00.000Z,98.725,11759585.714285716,76.35714285714286,54.84
AWS,c4.large,2.9,2,4.0265249999999995,medium,3799320693,join,2025-04-22T03:00:00.000Z,200.289,3440837.7560975607,89.26024390243902,71.46146341463415
AWS,m4.xlarge,2.4,4,17.17984,medium,743933022,aggregation,2025-04-22T03:00:00.000Z,133.191,13148193.285714284,80.01107142857143,71.39678571428571
AWS,m4.xlarge,2.4,4,17.17984,medium,1209030600,lr,2025-04-22T03:00:00.000Z,226.8,9411661.066666666,57.272666666666666,28.948888888888884
AWS,c4.xlarge,2.9,4,8.053049999999999,small,3284918782,sort,2025-04-22T03:00:00.000Z,114.971,6141308.5,80.17875,37.74
AWS,r3.large,2.5,2,16.106099999999998,small,3200000000,terasort,2025-04-22T03:00:00.000Z,177.043,11210636.216216216,71.55972972972972,74.74972972972974
AWS,c3.large,2.8,2,4.0265249999999995,large,9600000000,terasort,2025-04-22T03:00:00.000Z,599.754,3684016.4297520663,95.5685123966942,61.46487603305784
AWS,r3.xlarge,2.5,4,32.749069999999996,medium,6569822281,sort,2025-04-22T03:00:00.000Z,167.61,19463147.647058822,61.95235294117647,47.25352941176471
AWS,c3.xlarge,2.8,4,7.516179999999999,small,3777029616,join,2025-04-22T03:00:00.000Z,131.085,6213773.384615385,81.1253846153846,72.61576923076923
AWS,c3.xlarge,2.8,4,7.516179999999999,small,3284904326,wordcount,2025-04-22T03:00:00.000Z,72.485,7036605.066666666,91.86733333333332,51.83866666666666
AWS,r3.large,2.5,2,16.106099999999998,small,743933336,aggregation,2025-04-22T03:00:00.000Z,378.014,14534352.0,92.77524390243902,49.9239024390244
AWS,c4.large,2.9,2,4.0265249999999995,medium,0,scan,2025-04-22T03:00:00.000Z,38.402,3113863.111111111,80.77666666666667,52.39666666666666
AWS,r4.large,2.3,2,16.374534999999998,medium,6569838538,wordcount,2025-04-22T03:00:00.000Z,154.286,11092697.5,70.83906250000001,88.735625
AWS,r4.2xlarge,2.3,8,65.49813999999999,medium,1209030600,lr,2025-04-22T03:00:00.000Z,92.35,11359003.368421054,18.064210526315787,36.81210526315789
AWS,c3.large,2.8,2,4.0265249999999995,medium,259947887,pagerank,2025-04-22T03:00:00.000Z,767.008,3586072.9032258065,93.0276129032258,69.91832258064517
AWS,r3.large,2.5,2,16.106099999999998,large,1612040600,lr,2025-04-22T03:00:00.000Z,228.257,10235693.276595743,65.33595744680851,83.36063829787234
AWS,r4.large,2.3,2,16.374534999999998,large,4019032802,scan,2025-04-22T04:00:00.000Z,529.046,13799738.09174312,88.1265137614679,39.59275229357799
AWS,c4.xlarge,2.9,4,8.053049999999999,medium,259947887,pagerank,2025-04-22T04:00:00.000Z,413.09,6140413.253012048,80.16734939759036,35.83650602409639
AWS,r4.xlarge,2.3,4,32.749069999999996,medium,743932914,aggregation,2025-04-22T04:00:00.000Z,127.457,14829359.111111112,47.22740740740741,76.09777777777778
AWS,c4.xlarge,2.9,4,8.053049999999999,medium,259947887,pagerank,2025-04-22T04:00:00.000Z,172.171,6530409.6,85.25857142857141,84.69599999999998
AWS,r4.xlarge,2.3,4,32.749069999999996,small,806020600,lr,2025-04-22T04:00:00.000Z,87.563,8333159.555555556,26.538333333333338,59.31555555555556
AWS,c3.xlarge,2.8,4,7.516179999999999,medium,743932912,aggregation,2025-04-22T04:00:00.000Z,141.056,6000952.533333333,78.34700000000001,69.94200000000001
AWS,r3.2xlarge,2.5,8,65.49813999999999,large,743933029,aggregation,2025-04-22T04:00:00.000Z,97.412,19936357.333333332,31.68857142857143,57.96809523809522
AWS,r3.xlarge,2.5,4,32.749069999999996,large,395478955,pagerank,2025-04-22T04:00:00.000Z,233.688,14597696.25,46.465625,87.28270833333333
AWS,c3.2xlarge,2.8,8,16.106099999999998,medium,6400000000,terasort,2025-04-22T04:00:00.000Z,204.267,14065829.047619049,91.33142857142856,47.878095238095234
AWS,c4.2xlarge,2.9,8,16.106099999999998,medium,3799320693,join,2025-04-22T04:00:00.000Z,83.633,10695094.588235294,69.44411764705883,52.37705882352941
AWS,c4.large,2.9,2,4.0265249999999995,small,0,scan,2025-04-22T04:00:00.000Z,37.553,2728919.5555555555,70.79222222222222,48.059999999999995
AWS,m3.xlarge,2.6,4,16.106099999999998,medium,6400000000,terasort,2025-04-22T04:00:00.000Z,307.798,12391023.23809524,80.45682539682541,55.09873015873017
AWS,m4.2xlarge,2.4,8,34.35968,medium,0,scan,2025-04-22T04:00:00.000Z,33.325,5772115.0,17.518749999999997,17.113750000000003
AWS,r3.2xlarge,2.5,8,65.49813999999999,medium,259947887,pagerank,2025-04-22T04:00:00.000Z,316.143,15922062.915254235,25.306779661016943,24.219491525423734
AWS,c3.2xlarge,2.8,8,16.106099999999998,medium,3799320693,join,2025-04-22T04:00:00.000Z,95.773,10809039.578947367,70.18473684210525,56.973684210526315
AWS,m4.xlarge,2.4,4,17.17984,small,3200000000,terasort,2025-04-22T04:00:00.000Z,1120.716,13606282.364444444,82.7979111111111,7.137955555555555
AWS,m3.2xlarge,2.6,8,32.212199999999996,large,1881786739,bayes,2025-04-22T04:00:00.000Z,114.379,14528490.608695652,47.04260869565218,64.43434782608696
AWS,c4.2xlarge,2.9,8,16.106099999999998,small,3284906959,wordcount,2025-04-22T04:00:00.000Z,140.307,12280733.655172411,79.74034482758621,13.432758620689654
AWS,m4.xlarge,2.4,4,17.17984,medium,6400000000,terasort,2025-04-22T04:00:00.000Z,272.672,13242405.785714284,80.58339285714285,58.90696428571429
AWS,m3.xlarge,2.6,4,16.106099999999998,large,13139687400,wordcount,2025-04-22T04:00:00.000Z,328.567,14708812.597014925,95.50641791044777,32.37447761194029
AWS,c4.2xlarge,2.9,8,16.106099999999998,medium,6569835246,wordcount,2025-04-22T04:00:00.000Z,182.136,13252926.333333334,86.05277777777775,15.858055555555556
AWS,c3.xlarge,2.8,4,7.516179999999999,large,1881786739,bayes,2025-04-22T04:00:00.000Z,322.388,7001313.03030303,91.40636363636364,82.45939393939393
AWS,c4.xlarge,2.9,4,8.053049999999999,large,1881786739,bayes,2025-04-22T04:00:00.000Z,534.613,6702016.897196262,87.49906542056077,51.95448598130841
AWS,c4.2xlarge,2.9,8,16.106099999999998,large,13139663032,wordcount,2025-04-22T04:00:00.000Z,206.701,14538657.047619049,94.40071428571429,21.847142857142856
AWS,m4.2xlarge,2.4,8,34.35968,medium,259947887,pagerank,2025-04-22T04:00:00.000Z,102.819,14647275.61904762,44.4552380952381,74.64619047619047
AWS,m4.large,2.4,2,8.58992,medium,0,scan,2025-04-22T05:00:00.000Z,38.689,4856861.333333333,59.406666666666666,58.16666666666666
AWS,c4.large,2.9,2,4.0265249999999995,small,375779530,bayes,2025-04-22T05:00:00.000Z,193.162,3545920.5263157897,91.98657894736844,72.57631578947367
AWS,m4.xlarge,2.4,4,17.17984,large,200168800,als,2025-04-22T05:00:00.000Z,303.849,12737092.266666668,77.50916666666669,38.56766666666667
AWS,r4.large,2.3,2,16.374534999999998,small,72101800,als,2025-04-22T05:00:00.000Z,133.45,9110178.285714284,58.17750000000001,73.07571428571428
AWS,m3.large,2.6,2,7.516179999999999,small,3284931666,wordcount,2025-04-22T05:00:00.000Z,91.172,6861870.315789473,89.58684210526316,84.46105263157895
AWS,m4.2xlarge,2.4,8,34.35968,medium,0,scan,2025-04-22T05:00:00.000Z,34.512,5471727.5,16.60625,17.7675
AWS,c4.2xlarge,2.9,8,16.106099999999998,large,395478955,pagerank,2025-04-22T05:00:00.000Z,165.009,11510767.294117646,74.74088235294118,76.60735294117646
AWS,m3.large,2.6,2,7.516179999999999,small,743933336,aggregation,2025-04-22T05:00:00.000Z,235.308,6671645.306122449,87.10244897959183,84.8412244897959
AWS,c4.large,2.9,2,4.0265249999999995,medium,940817222,bayes,2025-04-22T05:00:00.000Z,609.259,3564246.229508197,92.46131147540986,69.03803278688525
AWS,m3.2xlarge,2.6,8,32.212199999999996,large,13139653319,sort,2025-04-22T05:00:00.000Z,243.913,27553809.84,89.21759999999999,38.6364
AWS,m3.large,2.6,2,7.516179999999999,medium,940817222,bayes,2025-04-22T05:00:00.000Z,258.535,6671736.0,87.10433962264149,84.13075471698114
AWS,c3.xlarge,2.8,4,7.516179999999999,small,806020600,lr,2025-04-22T05:00:00.000Z,285.938,5749093.894736842,75.05877192982457,20.259122807017544
AWS,c3.xlarge,2.8,4,7.516179999999999,large,200168800,als,2025-04-22T05:00:00.000Z,150.842,6580359.741935484,85.91129032258064,80.90387096774194
AWS,c4.xlarge,2.9,4,8.053049999999999,large,3820993928,join,2025-04-22T05:00:00.000Z,375.704,7195980.0,93.94916666666668,21.694166666666668
AWS,m4.xlarge,2.4,4,17.17984,small,0,scan,2025-04-22T05:00:00.000Z,32.774,4093603.0,24.91125,29.369999999999997
AWS,m3.large,2.6,2,7.516179999999999,small,72101800,als,2025-04-22T05:00:00.000Z,153.01,6269996.125,81.8590625,68.7359375
AWS,m3.2xlarge,2.6,8,32.212199999999996,small,3284914167,wordcount,2025-04-22T05:00:00.000Z,86.319,15923474.222222222,51.56055555555555,28.612777777777783
AWS,c3.2xlarge,2.8,8,16.106099999999998,large,13139663028,wordcount,2025-04-22T05:00:00.000Z,125.575,15138723.692307692,98.29730769230768,42.918461538461536
AWS,m4.2xlarge,2.4,8,34.35968,small,3200000000,terasort,2025-04-22T05:00:00.000Z,86.325,16577494.222222222,50.31444444444445,56.385
AWS,c4.2xlarge,2.9,8,16.106099999999998,large,13139639564,sort,2025-04-22T05:00:00.000Z,415.078,13873996.57142857,90.085,15.424166666666665
AWS,r4.large,2.3,2,16.374534999999998,medium,743932928,aggregation,2025-04-22T05:00:00.000Z,225.442,10756230.553191489,68.69106382978723,86.96489361702129
AWS,r4.large,2.3,2,16.374534999999998,small,743933336,aggregation,2025-04-22T05:00:00.000Z,210.711,14489948.363636363,92.5343181818182,86.09727272727274
AWS,m3.xlarge,2.6,4,16.106099999999998,small,125209992,pagerank,2025-04-22T05:00:00.000Z,258.482,7274240.981132075,47.23150943396227,30.61169811320755
AWS,c4.xlarge,2.9,4,8.053049999999999,medium,3799320693,join,2025-04-22T06:00:00.000Z,141.323,5988696.714285715,78.18607142857141,57.45642857142857
AWS,m4.xlarge,2.4,4,17.17984,medium,1209030600,lr,2025-04-22T06:00:00.000Z,242.215,9600822.333333334,58.42416666666666,28.059375
AWS,r4.xlarge,2.3,4,32.749069999999996,medium,743932914,aggregation,2025-04-22T06:00:00.000Z,127.457,14829359.111111112,47.22740740740741,76.09777777777778
AWS,m4.2xlarge,2.4,8,34.35968,large,4019032802,scan,2025-04-22T06:00:00.000Z,268.966,21110066.35714286,64.06982142857143,21.73482142857143
AWS,m4.large,2.4,2,8.58992,large,1881786739,bayes,2025-04-22T06:00:00.000Z,809.497,7891855.165644172,96.529263803681,94.94
AWS,m3.2xlarge,2.6,8,32.212199999999996,small,3777029616,join,2025-04-22T06:00:00.000Z,101.018,14285804.8,46.257000000000005,57.461
AWS,r3.2xlarge,2.5,8,65.49813999999999,medium,940817222,bayes,2025-04-22T06:00:00.000Z,77.172,16088771.0,25.57125,57.20125
AWS,m4.large,2.4,2,8.58992,medium,6569820135,sort,2025-04-22T06:00:00.000Z,326.829,7858110.985074627,96.11671641791044,43.90985074626866
AWS,m3.xlarge,2.6,4,16.106099999999998,small,3284929857,wordcount,2025-04-22T06:00:00.000Z,58.689,9889542.76923077,64.21461538461539,69.03769230769231
AWS,c4.xlarge,2.9,4,8.053049999999999,medium,259947887,pagerank,2025-04-22T06:00:00.000Z,165.981,6703657.529411765,87.52058823529413,85.24735294117647
AWS,r3.large,2.5,2,16.106099999999998,large,395478955,pagerank,2025-04-22T06:00:00.000Z,526.923,9277520.301886791,59.220188679245275,78.92198113207547
AWS,c3.large,2.8,2,4.0265249999999995,medium,940817222,bayes,2025-04-22T06:00:00.000Z,633.232,3696992.377952756,95.90519685039368,68.49771653543307
AWS,c4.xlarge,2.9,4,8.053049999999999,large,9600000000,terasort,2025-04-22T06:00:00.000Z,499.068,7457041.688888889,97.357,45.19444444444444
AWS,r4.large,2.3,2,16.374534999999998,small,375779530,bayes,2025-04-22T06:00:00.000Z,146.488,5403007.0344827585,34.50413793103448,56.975862068965526
AWS,m3.2xlarge,2.6,8,32.212199999999996,large,200168800,als,2025-04-22T06:00:00.000Z,200.318,14842076.780487806,48.05731707317073,33.05073170731707
AWS,r3.2xlarge,2.5,8,65.49813999999999,large,1881786739,bayes,2025-04-22T06:00:00.000Z,194.116,17625329.1,28.014999999999997,36.18575
AWS,m3.xlarge,2.6,4,16.106099999999998,medium,743933016,aggregation,2025-04-22T07:00:00.000Z,137.771,11669251.310344828,75.76931034482759,76.22413793103448
AWS,r3.large,2.5,2,16.106099999999998,large,200168800,als,2025-04-22T07:00:00.000Z,386.225,12344442.461538462,78.79692307692308,60.053076923076915
AWS,c3.2xlarge,2.8,8,16.106099999999998,large,395478955,pagerank,2025-04-22T07:00:00.000Z,243.726,12172243.44,79.03519999999999,78.328
AWS,c3.xlarge,2.8,4,7.516179999999999,large,200168800,als,2025-04-22T07:00:00.000Z,153.345,6436299.5,84.0309375,80.46656250000001
AWS,r4.2xlarge,2.3,8,65.49813999999999,large,3820993928,join,2025-04-22T07:00:00.000Z,529.149,13853236.57142857,22.030571428571427,10.512857142857143
AWS,c4.xlarge,2.9,4,8.053049999999999,large,13139657306,sort,2025-04-22T07:00:00.000Z,417.613,6910589.095238095,90.22261904761903,28.107857142857146
AWS,r3.2xlarge,2.5,8,65.49813999999999,large,3777029616,join,2025-04-22T07:00:00.000Z,292.25,20495560.5,32.57607142857143,17.471964285714286
AWS,m3.xlarge,2.6,4,16.106099999999998,large,4019032802,scan,2025-04-22T07:00:00.000Z,271.268,12497954.690909091,81.15036363636366,50.81745454545455
AWS,m4.xlarge,2.4,4,17.17984,medium,128134600,als,2025-04-22T07:00:00.000Z,263.951,11099413.68,67.543,33.068599999999996
AWS,c4.2xlarge,2.9,8,16.106099999999998,medium,743933012,aggregation,2025-04-22T07:00:00.000Z,90.047,10391014.52631579,67.47,54.99052631578946
AWS,r3.large,2.5,2,16.106099999999998,large,1881786739,bayes,2025-04-22T07:00:00.000Z,343.428,10178795.257142857,64.97342857142857,86.58028571428574
AWS,m4.large,2.4,2,8.58992,medium,128134600,als,2025-04-22T07:00:00.000Z,280.316,6979864.620689655,85.3744827586207,53.88051724137931
AWS,r3.2xlarge,2.5,8,65.49813999999999,medium,128134600,als,2025-04-22T07:00:00.000Z,223.074,13527192.095238095,21.5,20.59190476190476
AWS,m4.2xlarge,2.4,8,34.35968,large,9600000000,terasort,2025-04-22T07:00:00.000Z,328.788,24434355.701492537,74.15970149253731,49.45776119402985
AWS,c3.xlarge,2.8,4,7.516179999999999,medium,3799320693,join,2025-04-22T07:00:00.000Z,143.481,7148118.068965517,93.32275862068964,67.2503448275862
AWS,c3.2xlarge,2.8,8,16.106099999999998,medium,3799320693,join,2025-04-22T07:00:00.000Z,94.713,10583766.52631579,68.72157894736843,56.21368421052632
AWS,m4.xlarge,2.4,4,17.17984,medium,3799320693,join,2025-04-22T07:00:00.000Z,122.698,13150369.666666666,80.02333333333333,74.12083333333334
AWS,m4.2xlarge,2.4,8,34.35968,large,13139648497,wordcount,2025-04-22T07:00:00.000Z,87.986,23573911.777777776,71.54833333333335,74.0611111111111
AWS,m4.large,2.4,2,8.58992,small,3284927560,wordcount,2025-04-22T07:00:00.000Z,92.69,7397108.6,90.479,83.441
AWS,m4.2xlarge,2.4,8,34.35968,medium,259947887,pagerank,2025-04-22T07:00:00.000Z,317.295,13172012.459016394,39.977540983606545,26.053770491803277
AWS,c4.large,2.9,2,4.0265249999999995,small,3284918336,sort,2025-04-22T07:00:00.000Z,157.272,3721863.5,96.5515625,48.5578125
AWS,c3.large,2.8,2,4.0265249999999995,large,1612040600,lr,2025-04-22T07:00:00.000Z,1418.525,3724158.652631579,96.6099649122807,25.828526315789475
AWS,c3.2xlarge,2.8,8,16.106099999999998,large,395478955,pagerank,2025-04-22T07:00:00.000Z,251.502,12643025.384615384,82.0926923076923,79.53326923076924
AWS,c3.2xlarge,2.8,8,16.106099999999998,large,13139641846,sort,2025-04-22T07:00:00.000Z,378.496,15001286.285714284,97.4051948051948,21.16584415584416
AWS,r4.2xlarge,2.3,8,65.49813999999999,small,72101800,als,2025-04-22T07:00:00.000Z,192.547,10801408.0,17.17702702702703,16.282432432432433
AWS,r3.large,2.5,2,16.106099999999998,large,9600000000,terasort,2025-04-22T07:00:00.000Z,817.095,13410200.024242423,85.60018181818181,57.92503030303031
AWS,c4.xlarge,2.9,4,8.053049999999999,small,3284941930,wordcount,2025-04-22T07:00:00.000Z,62.805,7061104.307692308,92.18769230769232,53.50846153846154
AWS,c4.2xlarge,2.9,8,16.106099999999998,medium,743932954,aggregation,2025-04-22T07:00:00.000Z,84.129,11645938.888888888,75.61888888888889,54.31722222222223
AWS,c4.xlarge,2.9,4,8.053049999999999,large,200168800,als,2025-04-22T08:00:00.000Z,388.285,5786758.278481012,75.5506329113924,28.18987341772152
AWS,r3.2xlarge,2.5,8,65.49813999999999,small,3777029616,join,2025-04-22T08:00:00.000Z,97.417,19135970.94736842,30.414736842105263,57.72526315789472
AWS,c4.xlarge,2.9,4,8.053049999999999,medium,259947887,pagerank,2025-04-22T08:00:00.000Z,165.981,6703657.529411765,87.52058823529413,85.24735294117647
AWS,r3.2xlarge,2.5,8,65.49813999999999,small,3284915110,sort,2025-04-22T08:00:00.000Z,57.125,13836624.923076924,21.992307692307698,46.46230769230769
AWS,c4.xlarge,2.9,4,8.053049999999999,small,72101800,als,2025-04-22T08:00:00.000Z,100.273,6432334.476190476,83.97809523809522,46.16142857142857
AWS,r3.large,2.5,2,16.106099999999998,medium,3799320693,join,2025-04-22T08:00:00.000Z,211.5,9812684.666666666,62.636428571428574,89.19357142857143
AWS,m3.2xlarge,2.6,8,32.212199999999996,medium,9600000000,terasort,2025-04-22T08:00:00.000Z,363.792,24485879.135135137,79.2845945945946,46.44432432432433
AWS,m4.2xlarge,2.4,8,34.35968,small,3200000000,terasort,2025-04-22T08:00:00.000Z,93.023,16159346.2,49.044500000000006,58.87600000000001
AWS,c4.xlarge,2.9,4,8.053049999999999,medium,940817222,bayes,2025-04-22T08:00:00.000Z,86.289,6222707.555555556,81.2411111111111,76.58055555555555
AWS,c3.xlarge,2.8,4,7.516179999999999,medium,0,scan,2025-04-22T08:00:00.000Z,108.799,5389497.043478261,70.36391304347829,10.466521739130435
AWS,c3.2xlarge,2.8,8,16.106099999999998,large,4019032802,scan,2025-04-22T08:00:00.000Z,113.574,12244617.833333334,79.50583333333333,59.47333333333333
AWS,m3.2xlarge,2.6,8,32.212199999999996,large,3820993928,join,2025-04-22T08:00:00.000Z,101.534,14031873.4,45.43399999999999,58.767
AWS,c3.xlarge,2.8,4,7.516179999999999,large,13139654547,sort,2025-04-22T08:00:00.000Z,474.235,7110035.791666667,92.82645833333332,31.225729166666667
AWS,r4.large,2.3,2,16.374534999999998,small,3284907119,sort,2025-04-22T09:00:00.000Z,199.03,12385815.804878049,79.0968292682927,39.14121951219512
AWS,m4.2xlarge,2.4,8,34.35968,small,0,scan,2025-04-22T09:00:00.000Z,33.001,4746981.0,14.40875,16.94875
AWS,m4.xlarge,2.4,4,17.17984,medium,743933022,aggregation,2025-04-22T09:00:00.000Z,133.191,13148193.285714284,80.01107142857143,71.39678571428571
AWS,r3.large,2.5,2,16.106099999999998,small,743933336,aggregation,2025-04-22T09:00:00.000Z,227.54,10822386.127659574,69.08148936170213,88.00021276595746
AWS,c3.2xlarge,2.8,8,16.106099999999998,small,375779530,bayes,2025-04-22T09:00:00.000Z,127.527,6903761.538461538,44.82769230769231,28.25192307692307
AWS,c3.xlarge,2.8,4,7.516179999999999,large,395478955,pagerank,2025-04-22T09:00:00.000Z,406.039,6855344.292682927,89.50146341463415,86.84158536585365
AWS,m3.2xlarge,2.6,8,32.212199999999996,medium,128134600,als,2025-04-22T09:00:00.000Z,153.36,13015291.612903226,42.14290322580646,28.115483870967747
AWS,m3.xlarge,2.6,4,16.106099999999998,large,4019032802,scan,2025-04-22T09:00:00.000Z,178.871,12670233.08108108,82.26891891891891,75.31432432432433
AWS,c4.large,2.9,2,4.0265249999999995,medium,6400000000,terasort,2025-04-22T09:00:00.000Z,401.457,3674593.4320987654,95.3237037037037,57.547530864197526
AWS,c4.large,2.9,2,4.0265249999999995,medium,0,scan,2025-04-22T09:00:00.000Z,37.649,3014256.4444444445,78.19333333333333,50.35888888888889
AWS,m3.xlarge,2.6,4,16.106099999999998,medium,743932915,aggregation,2025-04-22T09:00:00.000Z,140.545,11643622.266666668,75.60266666666666,75.37900000000003
AWS,m4.large,2.4,2,8.58992,large,13139647834,wordcount,2025-04-22T09:00:00.000Z,311.164,7872639.301587301,96.29349206349204,80.7136507936508
AWS,r3.xlarge,2.5,4,32.749069999999996,large,9600000000,terasort,2025-04-22T09:00:00.000Z,446.369,22157339.377777778,70.5281111111111,59.85199999999999
AWS,m3.large,2.6,2,7.516179999999999,medium,3799320693,join,2025-04-22T09:00:00.000Z,232.058,7277400.085106383,95.01148936170212,84.58425531914895
AWS,r4.2xlarge,2.3,8,65.49813999999999,small,3284906323,wordcount,2025-04-22T09:00:00.000Z,45.134,13450218.0,21.391,48.853
AWS,m4.xlarge,2.4,4,17.17984,large,3820993928,join,2025-04-22T09:00:00.000Z,123.557,12720270.4,77.4056,72.3892
AWS,c3.large,2.8,2,4.0265249999999995,large,200168800,als,2025-04-22T09:00:00.000Z,564.973,3633234.654867257,94.25150442477874,55.17061946902654
AWS,m3.2xlarge,2.6,8,32.212199999999996,large,743933101,aggregation,2025-04-22T10:00:00.000Z,99.091,21889535.42857143,70.87714285714287,58.69904761904761
AWS,c3.large,2.8,2,4.0265249999999995,small,3284910532,sort,2025-04-22T10:00:00.000Z,168.585,3713258.171428571,96.32714285714285,55.32142857142857
AWS,r4.2xlarge,2.3,8,65.49813999999999,small,3777029616,join,2025-04-22T10:00:00.000Z,91.571,19405960.0,30.86111111111111,56.43333333333333
AWS,m4.large,2.4,2,8.58992,large,743932965,aggregation,2025-04-22T10:00:00.000Z,214.694,7740944.177777777,94.68311111111112,84.61155555555557
AWS,m4.xlarge,2.4,4,17.17984,small,72101800,als,2025-04-22T10:00:00.000Z,74.361,7718924.5,46.97125,70.059375
AWS,r4.xlarge,2.3,4,32.749069999999996,medium,6569858490,wordcount,2025-04-22T10:00:00.000Z,234.208,14860312.936170213,47.32617021276596,31.24085106382978
AWS,c4.large,2.9,2,4.0265249999999995,large,13139661233,sort,2025-04-22T10:00:00.000Z,550.677,3701596.36036036,96.0244144144144,40.79441441441441
AWS,r4.large,2.3,2,16.374534999999998,medium,6569829403,wordcount,2025-04-22T10:00:00.000Z,202.158,12037793.523809524,76.8742857142857,67.73714285714286
AWS,c4.large,2.9,2,4.0265249999999995,small,3284918336,sort,2025-04-22T10:00:00.000Z,157.326,3498017.5757575757,90.7439393939394,46.842121212121214
AWS,r4.2xlarge,2.3,8,65.49813999999999,medium,6569805272,sort,2025-04-21T11:00:00.000Z,100.353,31317257.52380952,49.80333333333333,45.62857142857143
AWS,r3.xlarge,2.5,4,32.749069999999996,medium,6400000000,terasort,2025-04-21T11:00:00.000Z,250.632,20809342.2745098,66.23803921568629,65.18411764705883
AWS,c4.2xlarge,2.9,8,16.106099999999998,large,3820993928,join,2025-04-21T11:00:00.000Z,289.969,11495447.23076923,74.64173076923076,15.465576923076922
AWS,m4.xlarge,2.4,4,17.17984,small,3284929808,wordcount,2025-04-21T11:00:00.000Z,58.229,10255755.0,62.40916666666666,67.3725
AWS,r3.xlarge,2.5,4,32.749069999999996,medium,3799320693,join,2025-04-21T11:00:00.000Z,139.974,15780377.285714284,50.22928571428571,72.72071428571428
AWS,r4.2xlarge,2.3,8,65.49813999999999,medium,6569805272,sort,2025-04-21T11:00:00.000Z,106.284,29308372.727272727,46.60863636363637,43.14545454545454
AWS,m3.large,2.6,2,7.516179999999999,large,1881786739,bayes,2025-04-21T11:00:00.000Z,810.49,7228855.09202454,94.37754601226996,95.43153374233128
AWS,c4.xlarge,2.9,4,8.053049999999999,small,375779530,bayes,2025-04-21T11:00:00.000Z,76.634,5350688.8,69.85666666666665,46.602666666666664
AWS,m4.2xlarge,2.4,8,34.35968,small,3777029616,join,2025-04-21T11:00:00.000Z,90.355,14271169.777777778,43.315000000000005,54.80333333333333
AWS,r3.xlarge,2.5,4,32.749069999999996,small,3200000000,terasort,2025-04-21T11:00:00.000Z,126.022,15376846.153846154,48.94461538461538,71.60653846153846
AWS,r3.xlarge,2.5,4,32.749069999999996,medium,128134600,als,2025-04-21T11:00:00.000Z,120.132,12325278.4,39.23159999999999,66.8344
AWS,m4.large,2.4,2,8.58992,large,1881786739,bayes,2025-04-21T11:00:00.000Z,825.885,7721032.698795181,94.43963855421688,94.9572891566265
AWS,c3.2xlarge,2.8,8,16.106099999999998,medium,3799320693,join,2025-04-21T11:00:00.000Z,95.773,10809039.578947367,70.18473684210525,56.973684210526315
AWS,r3.2xlarge,2.5,8,65.49813999999999,large,200168800,als,2025-04-21T11:00:00.000Z,256.522,15822594.50980392,25.149411764705885,24.41941176470588
AWS,m4.xlarge,2.4,4,17.17984,large,4019032802,scan,2025-04-21T11:00:00.000Z,549.524,14456588.033613443,87.97260504201681,16.8781512605042
AWS,c3.xlarge,2.8,4,7.516179999999999,large,13139634783,wordcount,2025-04-21T11:00:00.000Z,268.382,7227851.272727272,94.36454545454546,37.18709090909091
AWS,r4.large,2.3,2,16.374534999999998,medium,1209030600,lr,2025-04-21T11:00:00.000Z,173.312,8175706.555555556,52.21138888888889,89.44638888888888
AWS,r3.xlarge,2.5,4,32.749069999999996,medium,6400000000,terasort,2025-04-21T12:00:00.000Z,231.779,23269665.276595745,74.06872340425531,68.55999999999999
AWS,m4.xlarge,2.4,4,17.17984,large,1881786739,bayes,2025-04-21T12:00:00.000Z,167.634,11245910.705882354,68.43529411764705,78.26852941176469
AWS,c3.large,2.8,2,4.0265249999999995,large,1612040600,lr,2025-04-21T12:00:00.000Z,1329.411,3717936.389513109,96.44880149812737,27.002921348314604
AWS,m3.xlarge,2.6,4,16.106099999999998,small,743933426,aggregation,2025-04-21T12:00:00.000Z,300.177,12400460.19047619,80.51761904761904,33.60714285714286
AWS,c4.2xlarge,2.9,8,16.106099999999998,large,395478955,pagerank,2025-04-21T12:00:00.000Z,158.086,11857145.625,76.9903125,78.18562499999999
AWS,r4.large,2.3,2,16.374534999999998,large,395478955,pagerank,2025-04-21T12:00:00.000Z,529.796,9672935.094339622,61.77141509433962,77.7877358490566
AWS,m3.xlarge,2.6,4,16.106099999999998,medium,6569852350,sort,2025-04-21T12:00:00.000Z,228.48,11764962.29787234,76.39085106382977,38.88489361702127
AWS,m4.large,2.4,2,8.58992,small,375779530,bayes,2025-04-21T12:00:00.000Z,158.925,4711435.375,57.62875,51.223125
AWS,r4.2xlarge,2.3,8,65.49813999999999,small,125209992,pagerank,2025-04-21T12:00:00.000Z,122.876,13614162.72,21.650800000000004,31.944000000000003
AWS,m3.2xlarge,2.6,8,32.212199999999996,medium,9600000000,terasort,2025-04-21T12:00:00.000Z,363.792,24485879.135135137,79.2845945945946,46.44432432432433
AWS,m4.xlarge,2.4,4,17.17984,medium,940817222,bayes,2025-04-21T13:00:00.000Z,101.529,8746270.909090908,53.22363636363636,73.335
AWS,m3.xlarge,2.6,4,16.106099999999998,small,806020600,lr,2025-04-21T13:00:00.000Z,94.675,7045854.0,45.7495,62.64050000000001
AWS,c4.large,2.9,2,4.0265249999999995,small,72101800,als,2025-04-21T13:00:00.000Z,122.035,3321720.769230769,86.16923076923078,69.6876923076923
AWS,r4.2xlarge,2.3,8,65.49813999999999,small,3284906323,wordcount,2025-04-21T13:00:00.000Z,44.529,13645003.6,21.7,47.783
AWS,m3.2xlarge,2.6,8,32.212199999999996,medium,3777029616,join,2025-04-21T13:00:00.000Z,300.087,15867582.857142856,51.37875,19.096785714285716
AWS,r4.2xlarge,2.3,8,65.49813999999999,medium,128134600,als,2025-04-21T13:00:00.000Z,221.999,13003466.536585366,20.679024390243903,19.94878048780488
AWS,r4.large,2.3,2,16.374534999999998,large,3820993928,join,2025-04-21T13:00:00.000Z,217.545,12587781.818181818,80.38636363636363,86.0959090909091
AWS,r3.large,2.5,2,16.106099999999998,small,743933336,aggregation,2025-04-21T13:00:00.000Z,232.435,10550382.583333334,67.34541666666667,88.46833333333332
AWS,c4.large,2.9,2,4.0265249999999995,small,3284918336,sort,2025-04-21T13:00:00.000Z,158.591,3504446.6666666665,90.90969696969697,47.21696969696969
AWS,m4.large,2.4,2,8.58992,large,9600000000,terasort,2025-04-21T13:00:00.000Z,695.169,7610389.342857143,93.08664285714283,57.46064285714286
AWS,m3.2xlarge,2.6,8,32.212199999999996,large,13139653319,sort,2025-04-21T13:00:00.000Z,330.542,23824347.04477612,77.14179104477613,26.133134328358206
AWS,r3.xlarge,2.5,4,32.749069999999996,medium,259947887,pagerank,2025-04-21T13:00:00.000Z,156.503,12526605.0,39.8734375,85.9009375
AWS,c3.2xlarge,2.8,8,16.106099999999998,medium,6569836450,sort,2025-04-21T13:00:00.000Z,200.016,12506637.170731708,81.20780487804879,23.89682926829268
AWS,r3.large,2.5,2,16.106099999999998,large,13139667798,wordcount,2025-04-21T14:00:00.000Z,367.494,15467856.32,98.73453333333332,57.35373333333333
AWS,c4.large,2.9,2,4.0265249999999995,small,125209992,pagerank,2025-04-21T14:00:00.000Z,339.783,3326645.913043478,86.29768115942029,50.64391304347826
AWS,m4.xlarge,2.4,4,17.17984,large,1612040600,lr,2025-04-21T14:00:00.000Z,311.464,10721624.866666667,65.244,26.764166666666668
AWS,r4.large,2.3,2,16.374534999999998,small,125209992,pagerank,2025-04-21T14:00:00.000Z,258.93,5715960.0784313725,36.50274509803922,54.933137254901965
AWS,r4.xlarge,2.3,4,32.749069999999996,large,1881786739,bayes,2025-04-21T14:00:00.000Z,293.105,12574317.142857144,40.04660714285715,52.93785714285714
AWS,m4.xlarge,2.4,4,17.17984,small,375779530,bayes,2025-04-21T14:00:00.000Z,73.606,6519964.266666667,39.67466666666666,59.99333333333333
AWS,r4.xlarge,2.3,4,32.749069999999996,large,3820993928,join,2025-04-21T14:00:00.000Z,125.489,14007316.0,44.6088,75.69760000000001
AWS,r3.large,2.5,2,16.106099999999998,medium,743932928,aggregation,2025-04-21T14:00:00.000Z,232.872,10625704.583333334,67.82625,88.68291666666669
AWS,r3.xlarge,2.5,4,32.749069999999996,small,806020600,lr,2025-04-21T14:00:00.000Z,190.627,8245198.051282051,26.245128205128204,31.88282051282051
AWS,c4.xlarge,2.9,4,8.053049999999999,medium,743932917,aggregation,2025-04-21T14:00:00.000Z,122.338,6964353.230769231,90.92461538461538,70.66
AWS,r4.large,2.3,2,16.374534999999998,large,9600000000,terasort,2025-04-21T14:00:00.000Z,761.182,13517912.545454543,86.32701298701298,62.800909090909094
AWS,m3.xlarge,2.6,4,16.106099999999998,large,3820993928,join,2025-04-21T14:00:00.000Z,134.108,12058406.074074076,78.29703703703704,74.10740740740741
AWS,m4.large,2.4,2,8.58992,small,3284917658,sort,2025-04-21T14:00:00.000Z,170.165,6607556.457142857,80.82057142857144,50.331428571428575
AWS,m4.large,2.4,2,8.58992,small,0,scan,2025-04-21T14:00:00.000Z,37.836,4288626.666666667,52.45777777777777,55.46111111111111
AWS,c3.2xlarge,2.8,8,16.106099999999998,small,3777029616,join,2025-04-21T14:00:00.000Z,203.435,10886137.170731708,70.68463414634145,32.939756097560974
AWS,c4.xlarge,2.9,4,8.053049999999999,medium,6400000000,terasort,2025-04-21T14:00:00.000Z,282.988,7446523.087719298,97.21877192982456,51.86070175438597
AWS,c3.xlarge,2.8,4,7.516179999999999,large,13139654547,sort,2025-04-21T14:00:00.000Z,474.235,7110035.791666667,92.82645833333332,31.225729166666667
AWS,r4.large,2.3,2,16.374534999999998,large,743932965,aggregation,2025-04-21T15:00:00.000Z,222.369,13515512.608695652,86.31108695652173,85.57673913043477
AWS,r3.large,2.5,2,16.106099999999998,large,3820993928,join,2025-04-21T15:00:00.000Z,298.053,12312005.666666666,78.59083333333334,63.294833333333344
AWS,r3.2xlarge,2.5,8,65.49813999999999,large,395478955,pagerank,2025-04-21T15:00:00.000Z,152.282,22991681.16129032,36.543225806451616,75.34225806451612
AWS,r3.2xlarge,2.5,8,65.49813999999999,medium,940817222,bayes,2025-04-21T15:00:00.000Z,73.442,14881220.0,23.653333333333332,58.55
AWS,m3.2xlarge,2.6,8,32.212199999999996,small,125209992,pagerank,2025-04-21T15:00:00.000Z,239.049,9760217.636363637,31.603181818181824,20.369318181818183
AWS,m4.large,2.4,2,8.58992,large,4019032802,scan,2025-04-21T15:00:00.000Z,509.368,7747925.069306931,94.76881188118811,45.04861386138614
AWS,r3.large,2.5,2,16.106099999999998,small,3200000000,terasort,2025-04-21T16:00:00.000Z,711.734,11406841.916666666,72.81215277777777,18.826458333333335
AWS,m4.large,2.4,2,8.58992,large,13139675643,sort,2025-04-21T16:00:00.000Z,642.294,7623557.661538461,93.24761538461536,43.439538461538454
AWS,c3.large,2.8,2,4.0265249999999995,large,3820993928,join,2025-04-21T16:00:00.000Z,231.894,3468653.7021276597,89.98212765957446,78.38914893617022
AWS,m4.xlarge,2.4,4,17.17984,large,743933014,aggregation,2025-04-21T16:00:00.000Z,122.718,13942786.923076924,84.8453846153846,75.24846153846154
AWS,r4.xlarge,2.3,4,32.749069999999996,small,3284934675,wordcount,2025-04-21T16:00:00.000Z,225.265,11361380.57142857,36.18214285714286,18.85595238095238
AWS,m3.large,2.6,2,7.516179999999999,large,395478955,pagerank,2025-04-21T16:00:00.000Z,563.413,6733414.49122807,87.90921052631579,94.69929824561405
AWS,c4.large,2.9,2,4.0265249999999995,large,3820993928,join,2025-04-21T16:00:00.000Z,185.676,3492839.6756756757,90.60972972972972,80.2310810810811
AWS,m3.large,2.6,2,7.516179999999999,small,806020600,lr,2025-04-21T16:00:00.000Z,142.201,5992286.533333333,78.23366666666668,87.387
AWS,c4.2xlarge,2.9,8,16.106099999999998,small,375779530,bayes,2025-04-21T16:00:00.000Z,46.08,7083680.8,45.99499999999999,47.221
AWS,r4.large,2.3,2,16.374534999999998,large,4019032802,scan,2025-04-21T16:00:00.000Z,252.263,13224753.538461538,84.45442307692306,85.49365384615386
AWS,m4.xlarge,2.4,4,17.17984,medium,3799320693,join,2025-04-21T16:00:00.000Z,120.213,12767467.333333334,77.69291666666668,73.26583333333333
AWS,c4.large,2.9,2,4.0265249999999995,small,3284918336,sort,2025-04-21T16:00:00.000Z,157.272,3721863.5,96.5515625,48.5578125
AWS,m4.2xlarge,2.4,8,34.35968,large,13139665305,wordcount,2025-04-21T16:00:00.000Z,90.465,23786300.42105263,72.19421052631579,71.62526315789474
AWS,m3.2xlarge,2.6,8,32.212199999999996,small,3284914167,wordcount,2025-04-21T16:00:00.000Z,356.191,11856806.465753425,38.39246575342465,6.563698630136987
AWS,m3.large,2.6,2,7.516179999999999,medium,743932928,aggregation,2025-04-21T16:00:00.000Z,235.394,6667504.244897959,87.04897959183673,86.1534693877551
AWS,c4.2xlarge,2.9,8,16.106099999999998,medium,6569835246,wordcount,2025-04-21T16:00:00.000Z,166.072,13029214.11764706,84.59941176470588,18.131470588235292
AWS,c3.xlarge,2.8,4,7.516179999999999,medium,259947887,pagerank,2025-04-21T16:00:00.000Z,223.81,6367686.695652174,83.13434782608695,73.92152173913043
AWS,m4.2xlarge,2.4,8,34.35968,large,13139653241,sort,2025-04-21T17:00:00.000Z,252.309,30102785.49019608,91.36450980392158,40.90039215686276
AWS,c4.2xlarge,2.9,8,16.106099999999998,large,13139639564,sort,2025-04-21T17:00:00.000Z,384.343,15019991.692307692,97.52679487179488,16.435256410256407
AWS,r3.xlarge,2.5,4,32.749069999999996,large,395478955,pagerank,2025-04-21T17:00:00.000Z,229.267,14977700.085106382,47.67468085106384,88.24659574468086
AWS,m3.2xlarge,2.6,8,32.212199999999996,medium,128134600,als,2025-04-21T17:00:00.000Z,167.163,13162491.647058824,42.619705882352946,26.85205882352941
AWS,c3.xlarge,2.8,4,7.516179999999999,large,1881786739,bayes,2025-04-21T17:00:00.000Z,385.244,7298691.076923077,95.28858974358975,87.27666666666667
AWS,r4.xlarge,2.3,4,32.749069999999996,large,3820993928,join,2025-04-21T17:00:00.000Z,124.155,14092980.96,44.8828,74.6368
AWS,r3.large,2.5,2,16.106099999999998,medium,128134600,als,2025-04-21T17:00:00.000Z,203.374,11280526.095238095,72.0054761904762,78.15523809523809
AWS,m3.2xlarge,2.6,8,32.212199999999996,medium,0,scan,2025-04-21T17:00:00.000Z,72.387,5117192.8,16.569333333333336,10.164
AWS,c3.xlarge,2.8,4,7.516179999999999,large,1881786739,bayes,2025-04-21T17:00:00.000Z,385.244,7298691.076923077,95.28858974358975,87.27666666666667
AWS,c4.xlarge,2.9,4,8.053049999999999,large,3820993928,join,2025-04-21T17:00:00.000Z,112.216,6332869.391304348,82.67869565217391,70.43217391304348
AWS,c3.xlarge,2.8,4,7.516179999999999,large,395478955,pagerank,2025-04-21T17:00:00.000Z,406.039,6855344.292682927,89.50146341463415,86.84158536585365
AWS,m3.2xlarge,2.6,8,32.212199999999996,large,200168800,als,2025-04-21T17:00:00.000Z,200.318,14842076.780487806,48.05731707317073,33.05073170731707
AWS,r4.large,2.3,2,16.374534999999998,small,0,scan,2025-04-21T17:00:00.000Z,48.947,4316345.454545454,27.56363636363637,43.52454545454546
AWS,m3.2xlarge,2.6,8,32.212199999999996,large,9600000000,terasort,2025-04-21T17:00:00.000Z,325.481,23387243.09090909,75.7269696969697,49.20712121212121
AWS,c3.2xlarge,2.8,8,16.106099999999998,medium,6400000000,terasort,2025-04-21T17:00:00.000Z,204.267,14065829.047619049,91.33142857142856,47.878095238095234
AWS,m3.xlarge,2.6,4,16.106099999999998,large,4019032802,scan,2025-04-21T17:00:00.000Z,271.268,12497954.690909091,81.15036363636366,50.81745454545455
AWS,c4.2xlarge,2.9,8,16.106099999999998,medium,1209030600,lr,2025-04-21T17:00:00.000Z,84.142,8938252.235294119,58.037058823529414,34.10235294117647
AWS,c4.xlarge,2.9,4,8.053049999999999,small,375779530,bayes,2025-04-21T17:00:00.000Z,67.976,5177334.285714285,67.59214285714286,54.96571428571429
AWS,r4.2xlarge,2.3,8,65.49813999999999,medium,1209030600,lr,2025-04-21T17:00:00.000Z,92.536,11210327.789473685,17.828421052631576,35.89842105263158
AWS,c3.xlarge,2.8,4,7.516179999999999,large,3820993928,join,2025-04-21T17:00:00.000Z,135.511,6346764.148148148,82.86185185185187,73.48777777777778
AWS,c4.2xlarge,2.9,8,16.106099999999998,medium,743932954,aggregation,2025-04-21T17:00:00.000Z,84.129,11645938.888888888,75.61888888888889,54.31722222222223
AWS,r4.xlarge,2.3,4,32.749069999999996,large,9600000000,terasort,2025-04-21T17:00:00.000Z,307.527,27405210.06451613,87.27822580645163,75.88225806451614
AWS,c4.2xlarge,2.9,8,16.106099999999998,small,3284906959,wordcount,2025-04-21T17:00:00.000Z,218.657,12091609.727272728,78.51204545454547,8.07159090909091
AWS,r3.2xlarge,2.5,8,65.49813999999999,large,1881786739,bayes,2025-04-21T17:00:00.000Z,254.34,16225775.673469389,25.78938775510204,30.82510204081632
AWS,c4.large,2.9,2,4.0265249999999995,medium,259947887,pagerank,2025-04-21T17:00:00.000Z,720.271,3555870.6944444445,92.24395833333334,66.47722222222222
AWS,m3.large,2.6,2,7.516179999999999,medium,128134600,als,2025-04-21T18:00:00.000Z,286.761,5907989.0344827585,77.13327586206897,56.70689655172414
AWS,c3.2xlarge,2.8,8,16.106099999999998,small,743933381,aggregation,2025-04-21T18:00:00.000Z,491.402,12008406.48,77.9718,10.9361
AWS,c3.large,2.8,2,4.0265249999999995,small,806020600,lr,2025-04-21T18:00:00.000Z,718.345,3619743.4166666665,93.90138888888887,29.54909722222222
AWS,r3.large,2.5,2,16.106099999999998,large,200168800,als,2025-04-21T18:00:00.000Z,348.987,13053737.57746479,83.32408450704223,67.12521126760562
AWS,c3.2xlarge,2.8,8,16.106099999999998,medium,743933108,aggregation,2025-04-21T18:00:00.000Z,95.13,10289593.4,66.812,59.685
AWS,r3.large,2.5,2,16.106099999999998,small,3284922529,sort,2025-04-21T18:00:00.000Z,126.932,10081408.296296297,64.35185185185185,66.52666666666666
AWS,c4.2xlarge,2.9,8,16.106099999999998,large,1881786739,bayes,2025-04-21T18:00:00.000Z,92.206,11414098.94736842,74.11368421052632,67.35263157894737
AWS,c3.xlarge,2.8,4,7.516179999999999,large,13139634783,wordcount,2025-04-21T18:00:00.000Z,398.062,6948071.604938271,90.71185185185185,25.39666666666667
AWS,r3.2xlarge,2.5,8,65.49813999999999,large,4019032802,scan,2025-04-21T18:00:00.000Z,294.416,28136917.639344264,44.720983606557375,22.39508196721312
AWS,m4.2xlarge,2.4,8,34.35968,large,9600000000,terasort,2025-04-21T18:00:00.000Z,341.873,25184932.115942027,76.4378260869565,48.736231884057965
AWS,r3.large,2.5,2,16.106099999999998,small,3200000000,terasort,2025-04-21T18:00:00.000Z,177.043,11210636.216216216,71.55972972972972,74.74972972972974
AWS,c3.2xlarge,2.8,8,16.106099999999998,small,3777029616,join,2025-04-21T18:00:00.000Z,203.435,10886137.170731708,70.68463414634145,32.939756097560974
AWS,r4.large,2.3,2,16.374534999999998,medium,6569825479,sort,2025-04-21T18:00:00.000Z,295.469,11767582.4,75.14883333333334,47.424166666666665
AWS,c3.xlarge,2.8,4,7.516179999999999,small,3777029616,join,2025-04-21T18:00:00.000Z,350.018,5686813.623188406,74.24521739130435,28.089999999999996
AWS,c3.xlarge,2.8,4,7.516179999999999,medium,3799320693,join,2025-04-21T18:00:00.000Z,135.273,6239396.148148148,81.45925925925927,72.04333333333332
AWS,c4.2xlarge,2.9,8,16.106099999999998,large,13139659149,wordcount,2025-04-21T18:00:00.000Z,141.212,14896297.379310343,96.72275862068966,32.27103448275862
AWS,r3.xlarge,2.5,4,32.749069999999996,medium,6569822281,sort,2025-04-21T18:00:00.000Z,162.81,20058842.545454547,63.84818181818183,50.623636363636365
AWS,r4.2xlarge,2.3,8,65.49813999999999,large,9600000000,terasort,2025-04-21T18:00:00.000Z,238.838,44436688.75,70.66708333333334,76.09104166666667
AWS,r4.2xlarge,2.3,8,65.49813999999999,small,3777029616,join,2025-04-21T18:00:00.000Z,91.571,19405960.0,30.86111111111111,56.43333333333333
AWS,c4.2xlarge,2.9,8,16.106099999999998,small,743933363,aggregation,2025-04-21T18:00:00.000Z,88.186,12423365.89473684,80.66631578947367,52.695263157894736
AWS,m3.large,2.6,2,7.516179999999999,medium,1209030600,lr,2025-04-21T18:00:00.000Z,186.493,6676507.684210527,87.16631578947369,89.74263157894738
AWS,c4.2xlarge,2.9,8,16.106099999999998,large,9600000000,terasort,2025-04-21T18:00:00.000Z,336.199,15007510.76470588,97.44529411764708,38.682647058823534
AWS,c3.2xlarge,2.8,8,16.106099999999998,large,3820993928,join,2025-04-21T18:00:00.000Z,196.569,10971071.17948718,71.23641025641025,33.829487179487174
AWS,c4.large,2.9,2,4.0265249999999995,large,3820993928,join,2025-04-21T18:00:00.000Z,203.269,3676198.536585366,95.36487804878048,75.71707317073171
AWS,c4.large,2.9,2,4.0265249999999995,medium,743939491,aggregation,2025-04-21T18:00:00.000Z,470.442,3669683.7083333335,95.19687500000002,37.97604166666667
AWS,m3.xlarge,2.6,4,16.106099999999998,medium,743933137,aggregation,2025-04-21T18:00:00.000Z,337.303,12078364.296296297,78.42592592592592,25.99049382716049
AWS,r3.xlarge,2.5,4,32.749069999999996,large,13139655218,sort,2025-04-21T18:00:00.000Z,449.203,23600321.186813187,75.12153846153846,35.722307692307695
AWS,c3.xlarge,2.8,4,7.516179999999999,medium,6400000000,terasort,2025-04-21T18:00:00.000Z,312.654,7379174.25,96.33984375,51.237187500000005
AWS,m4.2xlarge,2.4,8,34.35968,medium,0,scan,2025-04-21T19:00:00.000Z,33.325,5772115.0,17.518749999999997,17.113750000000003
AWS,c3.large,2.8,2,4.0265249999999995,medium,1209030600,lr,2025-04-21T19:00:00.000Z,1075.415,3687733.703703704,95.66490740740744,26.96134259259259
AWS,r4.xlarge,2.3,4,32.749069999999996,small,806020600,lr,2025-04-21T19:00:00.000Z,87.563,8333159.555555556,26.538333333333338,59.31555555555556
AWS,r4.large,2.3,2,16.374534999999998,medium,1209030600,lr,2025-04-21T19:00:00.000Z,342.429,7941267.9375,50.71359375,56.95875
AWS,m4.2xlarge,2.4,8,34.35968,large,4019032802,scan,2025-04-21T19:00:00.000Z,802.798,21314956.050314464,64.69194968553458,6.719559748427674
AWS,r3.2xlarge,2.5,8,65.49813999999999,small,125209992,pagerank,2025-04-21T19:00:00.000Z,144.192,14774726.266666668,23.483666666666668,26.712666666666667
AWS,c3.xlarge,2.8,4,7.516179999999999,large,3820993928,join,2025-04-21T19:00:00.000Z,135.511,6346764.148148148,82.86185185185187,73.48777777777778
AWS,r3.2xlarge,2.5,8,65.49813999999999,medium,940817222,bayes,2025-04-21T19:00:00.000Z,134.505,12603599.0,20.032142857142855,31.41178571428572
AWS,m4.xlarge,2.4,4,17.17984,medium,743932960,aggregation,2025-04-21T19:00:00.000Z,137.508,13237000.827586208,80.55068965517239,71.23896551724138
AWS,m3.large,2.6,2,7.516179999999999,large,200168800,als,2025-04-21T19:00:00.000Z,265.435,6694423.925925926,87.4001851851852,91.98574074074074
AWS,m3.2xlarge,2.6,8,32.212199999999996,small,72101800,als,2025-04-21T19:00:00.000Z,159.641,10830156.969696969,35.0678787878788,20.31757575757576
AWS,m4.xlarge,2.4,4,17.17984,medium,259947887,pagerank,2025-04-21T19:00:00.000Z,359.522,9811390.8,59.70428571428572,40.37342857142857
AWS,m4.large,2.4,2,8.58992,medium,259947887,pagerank,2025-04-21T19:00:00.000Z,456.961,6525876.478260869,79.82119565217393,68.81293478260868
AWS,r3.2xlarge,2.5,8,65.49813999999999,large,200168800,als,2025-04-21T19:00:00.000Z,242.467,16312007.916666666,25.925833333333333,24.984166666666667
AWS,m4.large,2.4,2,8.58992,small,3284920240,wordcount,2025-04-21T19:00:00.000Z,240.295,7939666.127659574,97.11446808510637,33.879999999999995
AWS,m4.xlarge,2.4,4,17.17984,large,743933009,aggregation,2025-04-21T19:00:00.000Z,132.825,12941845.714285716,78.755,70.80035714285715
AWS,r4.large,2.3,2,16.374534999999998,medium,6569825479,sort,2025-04-21T19:00:00.000Z,294.202,11983930.6,76.52983333333334,46.90533333333334
AWS,c4.2xlarge,2.9,8,16.106099999999998,medium,0,scan,2025-04-21T19:00:00.000Z,30.542,5179446.857142857,33.63,16.558571428571426
AWS,m3.large,2.6,2,7.516179999999999,small,375779530,bayes,2025-04-21T19:00:00.000Z,184.8,4800044.2105263155,62.66815789473684,44.05157894736843
AWS,m3.xlarge,2.6,4,16.106099999999998,large,4019032802,scan,2025-04-21T19:00:00.000Z,178.871,12670233.08108108,82.26891891891891,75.31432432432433
AWS,c4.2xlarge,2.9,8,16.106099999999998,medium,3799320693,join,2025-04-21T19:00:00.000Z,83.734,10922130.352941176,70.91882352941175,52.194705882352935
AWS,r4.xlarge,2.3,4,32.749069999999996,large,743932893,aggregation,2025-04-21T19:00:00.000Z,127.46,15093815.851851853,48.069629629629624,75.86814814814815
AWS,m3.2xlarge,2.6,8,32.212199999999996,large,395478955,pagerank,2025-04-21T19:00:00.000Z,332.046,17660641.396825396,57.18444444444445,41.88873015873016
AWS,m4.xlarge,2.4,4,17.17984,small,3284929808,wordcount,2025-04-21T19:00:00.000Z,59.369,9951897.538461538,60.56000000000001,66.37384615384616
AWS,c4.xlarge,2.9,4,8.053049999999999,large,9600000000,terasort,2025-04-21T19:00:00.000Z,432.527,7486000.592592592,97.73432098765431,50.57246913580248
AWS,m4.xlarge,2.4,4,17.17984,small,375779530,bayes,2025-04-21T19:00:00.000Z,125.871,6602326.08,40.176,34.2816
AWS,r3.2xlarge,2.5,8,65.49813999999999,large,1881786739,bayes,2025-04-21T19:00:00.000Z,250.849,16352372.163265308,25.990408163265304,29.906734693877553
AWS,r4.xlarge,2.3,4,32.749069999999996,medium,0,scan,2025-04-21T19:00:00.000Z,30.593,5045407.428571428,16.06714285714286,33.57714285714286
AWS,r3.large,2.5,2,16.106099999999998,small,3284910893,wordcount,2025-04-21T19:00:00.000Z,91.76,9216216.210526315,58.828947368421055,84.72999999999999
AWS,c4.large,2.9,2,4.0265249999999995,large,1612040600,lr,2025-04-21T20:00:00.000Z,1255.796,3751635.3174603176,97.32269841269844,25.002142857142857
AWS,m4.2xlarge,2.4,8,34.35968,large,743932937,aggregation,2025-04-21T20:00:00.000Z,88.472,16605102.94736842,50.396842105263154,58.85842105263158
AWS,c3.large,2.8,2,4.0265249999999995,medium,1209030600,lr,2025-04-21T20:00:00.000Z,1088.062,3702208.6392694064,96.04068493150685,67.757899543379
AWS,c4.large,2.9,2,4.0265249999999995,small,72101800,als,2025-04-21T20:00:00.000Z,123.147,3402962.153846154,88.27769230769232,70.61
AWS,r3.xlarge,2.5,4,32.749069999999996,medium,3799320693,join,2025-04-21T20:00:00.000Z,139.974,15780377.285714284,50.22928571428571,72.72071428571428
AWS,m3.xlarge,2.6,4,16.106099999999998,large,1612040600,lr,2025-04-21T20:00:00.000Z,139.106,9043616.551724138,58.720689655172414,59.97275862068967
AWS,m4.2xlarge,2.4,8,34.35968,medium,3799320693,join,2025-04-21T20:00:00.000Z,87.974,14258345.88235294,43.27588235294118,58.420588235294126
AWS,r4.large,2.3,2,16.374534999999998,medium,6400000000,terasort,2025-04-21T20:00:00.000Z,426.743,13081587.953488372,83.54011627906976,62.3629069767442
AWS,r4.xlarge,2.3,4,32.749069999999996,small,3200000000,terasort,2025-04-21T20:00:00.000Z,118.519,14564576.833333334,46.38458333333333,70.71166666666666
AWS,r4.2xlarge,2.3,8,65.49813999999999,small,72101800,als,2025-04-21T20:00:00.000Z,194.655,10950969.444444444,17.415,15.476944444444444
AWS,c3.2xlarge,2.8,8,16.106099999999998,large,13139663028,wordcount,2025-04-21T20:00:00.000Z,125.575,15138723.692307692,98.29730769230768,42.918461538461536
AWS,m4.2xlarge,2.4,8,34.35968,large,1612040600,lr,2025-04-21T20:00:00.000Z,100.373,11656239.047619049,35.37761904761904,41.09571428571429
AWS,m4.large,2.4,2,8.58992,large,743932965,aggregation,2025-04-21T20:00:00.000Z,222.003,7104614.173913044,86.90000000000002,82.86152173913045
AWS,c3.2xlarge,2.8,8,16.106099999999998,small,3777029616,join,2025-04-21T20:00:00.000Z,187.135,10348710.91891892,67.19567567567569,35.094054054054055
AWS,r3.2xlarge,2.5,8,65.49813999999999,large,13139659718,sort,2025-04-21T20:00:00.000Z,278.654,36654631.15789474,58.258421052631576,28.640526315789472
AWS,c3.large,2.8,2,4.0265249999999995,medium,0,scan,2025-04-21T20:00:00.000Z,41.239,3029690.0,78.59399999999998,55.411
AWS,m3.large,2.6,2,7.516179999999999,large,13139686064,wordcount,2025-04-21T20:00:00.000Z,294.49,7332851.933333334,95.73533333333334,85.25483333333332
AWS,r3.large,2.5,2,16.106099999999998,medium,1209030600,lr,2025-04-21T20:00:00.000Z,202.887,8452252.952380951,53.95238095238095,80.40833333333333
AWS,r4.large,2.3,2,16.374534999999998,medium,6569838538,wordcount,2025-04-21T20:00:00.000Z,154.286,11092697.5,70.83906250000001,88.735625
AWS,c4.large,2.9,2,4.0265249999999995,medium,940817222,bayes,2025-04-21T20:00:00.000Z,487.163,3639926.828282829,94.42474747474746,84.0160606060606
AWS,r3.2xlarge,2.5,8,65.49813999999999,large,13139653130,wordcount,2025-04-21T20:00:00.000Z,99.519,28577623.272727273,45.42136363636364,63.526363636363634
AWS,m3.2xlarge,2.6,8,32.212199999999996,small,3777029616,join,2025-04-21T20:00:00.000Z,101.018,14285804.8,46.257000000000005,57.461
AWS,c3.large,2.8,2,4.0265249999999995,small,3284910532,sort,2025-04-21T20:00:00.000Z,168.249,3498122.4,90.746,54.00657142857143
AWS,m3.xlarge,2.6,4,16.106099999999998,large,1612040600,lr,2025-04-21T20:00:00.000Z,136.419,9091601.857142856,59.03321428571428,56.63321428571428
AWS,r3.xlarge,2.5,4,32.749069999999996,medium,259947887,pagerank,2025-04-21T20:00:00.000Z,371.022,12100910.162162162,38.51797297297297,36.99459459459459
AWS,m3.2xlarge,2.6,8,32.212199999999996,medium,6569844013,sort,2025-04-21T20:00:00.000Z,118.652,22654919.68,73.356,43.8124
AWS,r3.xlarge,2.5,4,32.749069999999996,medium,6400000000,terasort,2025-04-21T20:00:00.000Z,250.632,20809342.2745098,66.23803921568629,65.18411764705883
AWS,m3.xlarge,2.6,4,16.106099999999998,medium,743932971,aggregation,2025-04-21T20:00:00.000Z,337.539,11690386.05263158,75.90776315789473,27.90631578947369
AWS,m3.large,2.6,2,7.516179999999999,large,743932965,aggregation,2025-04-21T20:00:00.000Z,237.76,7282294.775510204,95.07530612244898,85.46938775510205
AWS,c4.2xlarge,2.9,8,16.106099999999998,medium,940817222,bayes,2025-04-21T21:00:00.000Z,64.881,8850875.384615384,57.46923076923077,59.63307692307691
AWS,c3.large,2.8,2,4.0265249999999995,small,806020600,lr,2025-04-21T21:00:00.000Z,626.642,3676594.793650794,95.37579365079364,32.421031746031744
AWS,c4.large,2.9,2,4.0265249999999995,medium,6569812152,sort,2025-04-21T21:00:00.000Z,288.435,3632513.8305084743,94.23254237288135,45.13237288135594
AWS,r4.large,2.3,2,16.374534999999998,medium,259947887,pagerank,2025-04-21T21:00:00.000Z,394.833,8153570.379746836,52.07012658227848,68.76518987341771
AWS,c3.large,2.8,2,4.0265249999999995,large,395478955,pagerank,2025-04-21T21:00:00.000Z,1096.965,3675208.709090909,95.34036363636363,73.22895454545456
AWS,m4.2xlarge,2.4,8,34.35968,medium,0,scan,2025-04-21T21:00:00.000Z,34.512,5471727.5,16.60625,17.7675
AWS,c3.2xlarge,2.8,8,16.106099999999998,large,4019032802,scan,2025-04-21T21:00:00.000Z,832.127,13539940.38095238,87.91636904761906,7.200833333333334
AWS,m3.large,2.6,2,7.516179999999999,medium,3799320693,join,2025-04-21T21:00:00.000Z,247.269,6823782.56,89.0886,76.24999999999999
AWS,c4.2xlarge,2.9,8,16.106099999999998,small,3200000000,terasort,2025-04-21T21:00:00.000Z,114.152,10969761.666666666,71.22791666666666,39.805416666666666
AWS,c3.2xlarge,2.8,8,16.106099999999998,medium,940817222,bayes,2025-04-21T21:00:00.000Z,67.327,8847593.42857143,57.44857142857143,62.434999999999995
AWS,c3.2xlarge,2.8,8,16.106099999999998,large,1881786739,bayes,2025-04-21T21:00:00.000Z,136.754,11471699.714285716,74.48642857142856,66.96785714285714
AWS,m4.2xlarge,2.4,8,34.35968,medium,0,scan,2025-04-21T21:00:00.000Z,34.512,5471727.5,16.60625,17.7675
AWS,r4.xlarge,2.3,4,32.749069999999996,medium,259947887,pagerank,2025-04-21T21:00:00.000Z,351.667,11767279.940298509,37.475820895522375,35.106567164179104
AWS,r4.large,2.3,2,16.374534999999998,large,395478955,pagerank,2025-04-21T21:00:00.000Z,523.871,9089057.561904762,58.0432380952381,78.03076190476192
AWS,r3.xlarge,2.5,4,32.749069999999996,large,13139655218,sort,2025-04-21T21:00:00.000Z,449.203,23600321.186813187,75.12153846153846,35.722307692307695
AWS,r3.large,2.5,2,16.106099999999998,medium,1209030600,lr,2025-04-21T21:00:00.000Z,202.887,8452252.952380951,53.95238095238095,80.40833333333333
AWS,c4.large,2.9,2,4.0265249999999995,medium,3799320693,join,2025-04-21T21:00:00.000Z,377.989,3658912.7027027025,94.91756756756756,41.527972972972975
AWS,r3.large,2.5,2,16.106099999999998,small,3200000000,terasort,2025-04-21T21:00:00.000Z,178.302,11148938.594594594,71.16621621621621,75.83378378378379
AWS,r3.2xlarge,2.5,8,65.49813999999999,large,743933312,aggregation,2025-04-21T21:00:00.000Z,276.795,23752435.24528302,37.75207547169811,21.2311320754717
AWS,r4.2xlarge,2.3,8,65.49813999999999,large,1612040600,lr,2025-04-21T21:00:00.000Z,172.387,14802662.285714284,23.53971428571428,23.991142857142854
AWS,r4.large,2.3,2,16.374534999999998,small,3777029616,join,2025-04-21T21:00:00.000Z,204.416,9955758.43902439,63.579024390243895,87.44365853658536
AWS,r3.xlarge,2.5,4,32.749069999999996,large,1881786739,bayes,2025-04-21T21:00:00.000Z,163.25,13514642.23529412,43.01882352941176,82.1479411764706
AWS,m3.xlarge,2.6,4,16.106099999999998,medium,3799320693,join,2025-04-21T21:00:00.000Z,134.255,12253756.444444444,79.56407407407409,75.12370370370371
AWS,r3.2xlarge,2.5,8,65.49813999999999,medium,6569857617,sort,2025-04-21T21:00:00.000Z,110.019,28759750.5,45.71125,43.51833333333334
AWS,r3.2xlarge,2.5,8,65.49813999999999,large,9600000000,terasort,2025-04-21T21:00:00.000Z,293.265,46038464.81355932,73.17355932203388,72.8493220338983
AWS,c4.2xlarge,2.9,8,16.106099999999998,small,125209992,pagerank,2025-04-21T21:00:00.000Z,227.094,9155506.844444444,59.44777777777776,18.214
AWS,c3.xlarge,2.8,4,7.516179999999999,small,3284938548,sort,2025-04-21T21:00:00.000Z,133.028,6209276.857142857,81.06571428571428,37.15285714285715
AWS,c3.xlarge,2.8,4,7.516179999999999,large,3820993928,join,2025-04-21T22:00:00.000Z,133.663,7173509.481481481,93.6551851851852,71.74296296296296
AWS,c3.large,2.8,2,4.0265249999999995,small,375779530,bayes,2025-04-21T22:00:00.000Z,325.019,3380157.523809524,87.68619047619048,50.45301587301588
AWS,r4.large,2.3,2,16.374534999999998,medium,6400000000,terasort,2025-04-21T22:00:00.000Z,453.728,12893194.47826087,82.33815217391304,65.7
AWS,m4.2xlarge,2.4,8,34.35968,small,0,scan,2025-04-21T22:00:00.000Z,31.171,4976315.0,15.103749999999998,18.494999999999997
AWS,r4.large,2.3,2,16.374534999999998,medium,259947887,pagerank,2025-04-21T22:00:00.000Z,394.833,8153570.379746836,52.07012658227848,68.76518987341771
AWS,m3.xlarge,2.6,4,16.106099999999998,medium,6569849326,wordcount,2025-04-21T22:00:00.000Z,89.001,13477476.0,87.51052631578948,76.91789473684211
AWS,c4.xlarge,2.9,4,8.053049999999999,medium,0,scan,2025-04-21T22:00:00.000Z,28.084,4910068.571428572,64.10428571428571,28.525714285714283
AWS,m4.2xlarge,2.4,8,34.35968,medium,6569852688,sort,2025-04-21T22:00:00.000Z,170.904,21616732.22857143,65.608,26.758857142857146
AWS,r3.2xlarge,2.5,8,65.49813999999999,large,743933126,aggregation,2025-04-21T22:00:00.000Z,98.405,21503542.85714286,34.17761904761905,58.55999999999999
AWS,m4.2xlarge,2.4,8,34.35968,large,9600000000,terasort,2025-04-21T22:00:00.000Z,328.788,24434355.701492537,74.15970149253731,49.45776119402985
AWS,m4.large,2.4,2,8.58992,medium,259947887,pagerank,2025-04-21T22:00:00.000Z,431.047,6592154.975609756,80.6319512195122,71.84914634146341
AWS,m4.2xlarge,2.4,8,34.35968,medium,3799320693,join,2025-04-21T22:00:00.000Z,87.974,14258345.88235294,43.27588235294118,58.420588235294126
AWS,c4.large,2.9,2,4.0265249999999995,small,0,scan,2025-04-21T22:00:00.000Z,37.17,3002390.222222222,77.88666666666667,51.88333333333333
AWS,c4.xlarge,2.9,4,8.053049999999999,small,72101800,als,2025-04-21T22:00:00.000Z,100.273,6432334.476190476,83.97809523809522,46.16142857142857
AWS,r3.large,2.5,2,16.106099999999998,medium,743932928,aggregation,2025-04-21T22:00:00.000Z,232.872,10625704.583333334,67.82625,88.68291666666669
AWS,c3.2xlarge,2.8,8,16.106099999999998,large,4019032802,scan,2025-04-21T22:00:00.000Z,118.588,12414173.76,80.6076,58.108
AWS,m4.2xlarge,2.4,8,34.35968,small,3284922651,wordcount,2025-04-21T22:00:00.000Z,46.92,10814653.6,32.826,46.260000000000005
AWS,r4.xlarge,2.3,4,32.749069999999996,large,1881786739,bayes,2025-04-21T22:00:00.000Z,184.026,13797293.684210526,43.94105263157895,74.75710526315788
AWS,r3.large,2.5,2,16.106099999999998,medium,6569854679,wordcount,2025-04-21T23:00:00.000Z,154.372,12525226.5,79.95093750000001,88.90468750000001
AWS,m3.large,2.6,2,7.516179999999999,medium,6569840990,wordcount,2025-04-21T23:00:00.000Z,156.468,7469185.75,97.515,88.01468750000001
AWS,m3.2xlarge,2.6,8,32.212199999999996,medium,6400000000,terasort,2025-04-21T23:00:00.000Z,180.388,25134089.18918919,81.38270270270272,65.45054054054054
AWS,c3.2xlarge,2.8,8,16.106099999999998,large,9600000000,terasort,2025-04-21T23:00:00.000Z,348.844,14827086.873239435,96.27464788732397,40.431267605633806
AWS,m4.xlarge,2.4,4,17.17984,large,3820993928,join,2025-04-21T23:00:00.000Z,119.708,12988063.0,79.03458333333333,74.745
AWS,m4.2xlarge,2.4,8,34.35968,large,200168800,als,2025-04-21T23:00:00.000Z,231.986,16587749.023255814,50.34418604651163,29.74372093023256
AWS,m4.2xlarge,2.4,8,34.35968,large,9600000000,terasort,2025-04-21T23:00:00.000Z,341.873,25184932.115942027,76.4378260869565,48.736231884057965
AWS,m3.2xlarge,2.6,8,32.212199999999996,medium,0,scan,2025-04-21T23:00:00.000Z,72.387,5117192.8,16.569333333333336,10.164
